OBJECTID,WDID,DITCH_NAME,ACREAGE,COMMENT,SHAPE_Length,SHAPE_Area
1,0100511,Weldon Valley Ditch,14603.20401499,,101305.249503431,59097306.3581755
2,0100507,Bijou Irrigation Company,41286.4726267,,155582.743924062,167081095.355731
3,0300935,Boyd Irrigation,569.87070732,,6581.79772884141,2306194.15309099
4,0200874,Yoxall Ditch,388.19476749,,9923.32580343474,1570974.75972716
5,0200872,German Ditch,1731.0056349,,28868.6552164466,7005159.21871386
6,0303731,Dixon Reservoir,208.47591832,,4395.8538591453,843675.455046535
7,0300910,Pleasant Valley & Lake Canal,8527.98758253,,71050.2210454063,34511679.4369891
8,0301067,Carter Ditch,77.40337874,,3136.11171077025,313241.604914777
9,0300930,Whitney Irrigation,4086.55742536,,42543.4588634443,16537777.3767529
10,0300932,W.M. Jones Irrigation,803.98057071,,10322.5147046158,3253606.88661582
11,0303770,Windsor Lake,1104.19848589,,13488.9406279523,4468550.58977007
12,0301109,Martin Calloway Ditch,254.7224722,,9760.38599735598,1030829.4102567
13,0301106,Sturdevant Ditch,76.35936508,,3514.78783359634,309016.617685053
14,0104486,Giffen Reservoir,142.59802161,,4078.233450618,577076.032480111
15,0100835,Mapelli Ditch,178.10965461,,6340.11188008534,720787.05680221
16,0100643,Little Crow Ditch (0100643) or Camfield Ditch (0100633),728.54064978,,9677.91626237789,2948311.1917922
17,0100620,Larson Ditch & Reservoir,571.81339507,,7362.90044097027,2314055.94531353
18,0100520,Gill and Stevens Ditch (Abandoned),859.08639904,,10840.4139768278,3476613.16584792
19,6400504,Peterson Ditch,9775.92109798,,59113.3394749532,39561907.565665
20,0100514,Fort Morgan Reservoir & Irrigation,19114.93561883,,90939.108510359,77355709.3305947
21,0200826,Jay Thomas Ditch,461.60599836,,8492.26351893964,1868060.67188731
22,0100524,Trowell Ditch (Abandoned),766.46701312,,7479.28585036712,3101794.40252623
23,0100688,Union Ditch (Dist. 1),2587.84835487,,13905.1656917633,10472692.6151823
24,0200887,Abbett Ditch,154.40347889,,3176.16243809042,624851.195747486
25,0200888,Hodgson Ditch,406.52743145,,5908.62640280754,1645164.76005393
26,0100523,Snyder-Smith Ditch & Reservoir,4963.70943708,,42647.899494532,20087499.7347274
27,0100503,Riverside Irrigation District,61135.49733867,,256493.204798135,247407569.491445
28,0301059,Red Feather Lakes Golf Course,104.81226875,,5467.04059683444,424161.886983311
29,0200821,Meadow Island No. 1 Irrigation,3222.31461639,,40786.2917497704,13040296.7882177
30,0200885,Slate Ditch,515.16122436,,12505.6173367446,2084791.8492551
31,0100565,Maguire Ditch,338.88231844,,8461.98985544875,1371413.4944642
32,0100570,East Gulch Ditch,200.10429171,,5459.44559151723,809796.554845444
33,0200813,Platteville Irrigating & Milling,7520.33165906,,55907.0797734416,30433824.3062687
34,0300915,Little Cache La Poudre Irrigating Ditch,1336.40592617,,16524.1782518788,5408264.57806113
35,0300919,Larimer & Weld Reservoir,85630.79278323,,210817.520934724,346536909.890117
36,0100518,Lower Platte & Beaver Irrigation,15232.74950138,,63038.5812132047,61644996.6694768
37,0200809,Brantner Ditch,7091.01375109,,76968.800455486,28696429.2536061
38,0200810,Brighton Ditch,5484.89264777,,40425.3811236839,22196661.7643638
39,0300929,New Cache Irrigation Company,44581.9766359,,187418.228114901,180417580.003846
40,0300926,Boxelder Ditch,3550.52025427,,25883.8869124712,14368503.2478623
41,0300922,Lake Canal,11197.27068327,,65103.757823126,45313928.0773625
42,0100526,Johnson & Edwards Ditch,2713.85619157,,22853.3113076266,10982630.3866321
43,0301260,McCromick Ditch Pond,38.07071364,,1710.30586953066,154067.329490723
44,0100644,Mantey Ditch,28.31175496,,1516.00933375607,114574.086420774
45,0103576,Bramkamp Ditch,126.80181108,,2552.21996944401,513150.752756908
46,6400584,I. O. Jones Ditch,73.52250269,,3316.84905980349,297536.210610128
47,6400542,McWilliams Canal,187.31127541,,3659.07685241607,758024.883258831
48,0301321,Graham Seep Ditch,353.42414514,,5435.4715331861,1430262.46735407
49,0400578,Kirchner Ditch,62.60195133,,2439.71097300407,253342.116771607
50,0400561,Black Canyon Ditch,87.31846115,,4800.09616057723,353366.700457281
51,0400583,Victory Irrigation Canal Co,418.2397597,,10171.115669824,1692563.06945485
52,0400692,St. Vrain Supply Canal,658.18901143,,16962.5950476326,2663607.06600917
53,0400602,Culver Irrigation & Reservoir,1757.13755636,,20384.1885905095,7110911.85011042
54,0600543,North Boulder Farmers Ditch,1815.83883757,,24594.0950921707,7348468.54077625
55,0600536,Howell Ditch,307.32285303,,5313.19929566341,1243696.39420817
56,0400601,Rockwell Irrigation Company,362.21589183,,7674.00561464942,1465841.60509099
57,0400502,Big Thompson & Platte Ditch,3040.73126558,,30410.524793944,12305452.0602937
58,0600735,Lewis H Davidson,44.66710865,,1871.23662027933,180762.108025616
59,0600575,East Boulder Ditch,517.38533988,,8964.1406292042,2093792.5393911
60,0600610,Erie Coal Creek Ditch Co.,1598.91130181,,35760.4327407722,6470590.31861699
61,0600603,Silver Lake Ditch,2895.59053129,,27303.4012773807,11718085.9481901
62,0600532,Highland South Side Ditch,2379.26345859,,27710.3405189968,9628576.18168222
63,0600551,Rural Ditch,2039.56604268,,21744.6585087662,8253863.92361042
64,0600613,Kerr No. 2,21.66161391,,2223.58163265633,87661.8050601184
65,0600560,Andrews and Farewell Ditch,241.25963021,,6627.23721979184,976346.978666307
66,0600585,Marshalville Ditch,1555.59942842,,29826.1351637361,6295312.8410742
67,0600554,Smith Goss Ditch,86.70242039,,2923.43776803487,350873.651513718
68,0600592,Shearer Ditch,447.62160495,,9011.55761656053,1811467.59115721
69,0600527,Gooding A. & D. Plumb Ditch,1528.68188305,,23258.0124260048,6186380.78463495
70,0500831,Coffin Davis Ditch Co.,97.74898129,,3362.78337622482,395577.702973421
71,0500563,Bonus Ditch,994.72569236,,13775.733322996,4025528.14188432
72,0600564,FRICO/Marshall Lake,40187.31714809,,140102.607766918,162632953.088603
73,0600588,S Boulder Bear Cr Ditch,320.10048193,,6636.3206081146,1295405.87276111
74,0600525,Farmers Ditch,5340.38540178,,38617.9403466203,21611859.4616247
75,0500573,Hinman,1143.79362241,,13497.2853246559,4628787.0481428
76,0500575,Williamson Ditch,1697.01478751,,16660.5371662683,6867602.64364636
77,0500570,Bader,294.24917996,,8635.87898108045,1190788.96870801
78,2300763,TREVAN LOWER DITCH,4.2125338,,689.665593770751,17047.5803441405
79,2300774,CROOKED CREEK DITCH,278.13131728,,8823.58491685025,1125561.97441495
80,2300787,WADLEY DITCH 1,30.89516132,,2359.28703998758,125028.767177647
81,2300789,WADLEY DITCH 3,20.72190065,,1361.00710033049,83858.8809536571
82,2300797,TROUT CREEK DITCH,59.73705334,,3502.77905149166,241748.235716277
83,2300867,BIG PASTURE DITCH 1,35.22888611,,3355.42939459233,142566.816921986
84,2300869,LOWER BIRD DITCH,35.1183429,,3641.30277205988,142119.461289621
85,2300882,PEABODY DITCH 3,334.11994563,,6439.81133122871,1352140.87625277
86,2300887,ANDERSON BREWER DITCH,448.86935378,,8653.11629409064,1816517.09884578
87,2300888,MONTAG TRUAX DITCH,443.52266526,,6909.85821704074,1794879.73630494
88,2300889,MCCARTNEY SEEP DITCH,744.46482305,,19364.5024697956,3012754.3378723
89,2300894,DUNBAR DITCH 1,103.25078839,,3770.76666021919,417842.762447608
90,2300902,PETRIE DITCH,457.63501044,,10040.1926251477,1851990.5769029
91,2300904,LINK DITCH,600.63841248,,7539.56328340085,2430707.12913529
92,2300908,TARRYALL DITCH,33.6575209,,2601.18890761711,136207.697419481
93,2300922,HOLST DITCH 2,83.86316274,,4505.10373795768,339383.519213303
94,2300923,HOLST PACKER D,89.60470228,,7822.34236826151,362618.819254858
95,2300924,HOLST DITCH 1,36.32796397,,3701.99229950764,147014.658741364
96,2300926,PACKER BONIS DITCH,37.26934997,,2655.42199066351,150824.319931435
97,2300931,FARNUM DITCH,50.89664708,,5869.71798125536,205972.256519227
98,2300932,ALLEN ANDERSON DITCH,13.04943845,,1508.61236464171,52809.4112821243
99,2300933,ANDERSON ALLEN DITCH,14.18514658,,2325.31718006237,57405.4677217184
100,2300936,ANSON A ALLEN DITCH,12.08485603,,1948.79823961669,48905.8682987207
101,2300937,BRADLEY DITCH,41.00835121,,3048.62501335373,165955.58511665
102,2300948,MCLAUGHLIN CLAIM,19.68429213,,3098.47962736154,79659.8251683308
103,2300963,RANDALL NICHOLAS DITCH,89.23963273,,4206.22078745332,361141.408832304
104,2300968,KAMMER DITCH,50.39555939,,2286.49025611482,203944.420410712
105,2300975,E.C. WHITTEN DITCH 1,50.04823549,,2748.45554659495,202538.848979653
106,2300977,WHITTEN DITCH,71.14897702,,2832.93576109307,287930.834606897
107,2300986,SESSIONS DITCH,142.23924268,,9508.15819156554,575624.103551454
108,2300987,RANDALL DITCH,1082.14577955,,19819.6524495769,4379306.15347385
109,2300991,TAYLOR DITCH,154.67436465,,4215.66347435332,625947.455300383
110,2300993,GIBSON DITCH,160.54352232,,7984.73700724456,649699.21594077
111,2300994,CROSIER TAYLOR DITCH,286.1830951,,5825.68664700953,1158146.52715028
112,2301002,SHEEP ROCK DITCH,92.15091656,,2892.18265485008,372922.981567794
113,2301003,BRUBAKER DITCH,1063.21118908,,24139.508055551,4302680.33062383
114,2301005,LILLEY HARRIMAN D,663.48686601,,14579.8431096643,2685046.84729933
115,2301018,Taylor Jefferson Creek Ditch,62.82088879,,4173.7498680737,254228.123615265
116,2301020,CROSIER HAWXHURST DITCH,80.27317577,,4425.31774578969,324855.343324506
117,2301025,BAKER DITCH,386.43280159,,9923.84509251947,1563844.36587609
118,2301075,HAY CREEK DITCH,49.67040582,,2737.14718554373,201009.813573439
119,2301138,UPPER WILSON DITCH,10.44940813,,1442.73609693941,42287.4253253971
120,2301140,SISLER DITCH,22.2622893,,1663.72552753621,90092.6462402995
121,0400534,Mariana Ditch,47.11799007,,1816.89225878872,190680.505233683
122,0500547,Oligarchy Ditch,8833.52087856,,46560.1944894839,35748133.7376289
123,0500546,Chapman McClasin,481.00289198,,9597.97198332307,1946557.35123137
124,0500528,Palmerton Ditch,1595.54212535,,20054.5342288543,6456955.69125693
125,0500568,Crocker Ditch,1021.19739405,,13435.7794561516,4132655.79314495
126,0500565,Haldi Ditch,525.35769415,,8170.93366104873,2126055.71050951
127,0500542,Davis Downing,580.84958473,,7298.45723804829,2350624.27544181
128,0500551,Pella Ditch,225.93903584,,5603.3477141878,914346.512181693
129,0500553,Hagers Meadow,73.75181569,,3462.38196680779,298464.188783836
130,0500602,James Mason Ditch Co.,79.28496754,,2856.61189974262,320856.163943294
131,0500557,Northwest Mutual Life Ins Ditch Co.,101.31902094,,3859.35456541039,410025.143907221
132,0500552,Clover Basin Irrigation Co.,1079.51012933,,16085.7023457495,4368639.96612109
133,0500574,Holland Ditch,2941.47125997,,22944.3636422324,11903759.3497198
134,0500554,Niwot Ditch,493.03131197,,9146.5209768383,1995234.85850394
135,0500550,Peck Ditch,1047.61584276,,11788.2963356064,4239567.86209454
136,0600580,Howard Ditch,1059.90402316,,12722.5282786614,4289296.57377342
137,0600576,Enterprise Ditch,2114.89190179,,20152.3028137385,8558698.11707013
138,0600586,McGinn Ditch,1784.08126737,,22598.3763429266,7219949.54708758
139,0600593,South Boulder Canyon Ditch,4911.78144572,,41136.5399242643,19877353.7345247
140,0400524,Home Supply Ditch,29149.8542096,,105673.530656864,117965746.608624
141,0400503,Big Thompson Ditch & Manufacturing,1869.09907353,,19282.6095353535,7564005.87394396
142,0400530,Louden Canal,16330.35579349,,82454.0309124653,66086869.6165445
143,0500511,Longmont Pipeline,53.40480909,,2053.61986771215,216122.445192833
144,0301021,Menden Hall Pearson Ditch,7.33919879,,1077.35461411279,29700.8187765507
145,0600513,Boulder & Lefthand Ditch,2663.84632293,,28550.1538818071,10780246.6968298
146,0600537,Leggett Ditch,4658.42787495,,46278.5462535626,18852064.2764461
147,0600565,Leyner Cottonwood Consolidated,3308.44398229,,30934.8283021212,13388851.2668414
148,0600528,Green Ditch,1437.73023114,,13700.2852236222,5818311.12367512
149,0600569,Dry Creek Davidson Ditch,1007.01642894,,18402.5348887492,4075267.22371302
150,0801403,Heiser Ditch,93.16218152,,3769.84397353807,377015.477038302
151,8000710,Cumberland Ditch 1,18.25255855,,1279.31293046721,73865.7770716611
152,8000709,Cumberland Ditch,13.1791586,,2192.76322361087,53334.3712082071
153,8000650,Wanita Ditch,20.56782539,,2532.81428307455,83235.3812785503
154,8000651,Hall Valley Ditch,5.96693116,,954.203408094556,24147.4143248421
155,8000713,Kenosha Ditch,35.85015347,,2201.25747134294,145080.993742469
156,8000729,Cassel Ditch 1,13.6354714,,1137.05524477955,55181.0269290768
157,8000730,Cassel Ditch 2,56.68475358,,2581.51190361301,229395.954567357
158,8000732,Craig Park Gulch Ditch,34.27235772,,2013.05540829379,138695.869348601
159,8000657,Hepburn Ditch 2,92.0642637,,3014.18346390601,372572.330201344
160,8000740,Hepburn Ditch 4,19.66178723,,1300.6579483276,79568.7482033437
161,8000659,Mack Ditch 3,38.73028167,,2416.84086022336,156736.510780668
162,8000661,Mack Ditch 2,23.11236462,,2487.4496461155,93532.8034461421
163,8000760,Winkler Ditch 1,13.79433987,,1352.86685213597,55823.9285070814
164,8000761,Winkler Ditch 3,42.81850332,,2068.0310886221,173281.044076989
165,8000921,Winkler Ditch,15.0920228,,1417.5412615886,61075.4939586906
166,8000759,McArthur Ditch,67.18598437,,2298.47490812196,271893.102451089
167,8000660,Slaght Ditch,67.92892256,,2997.48010685711,274899.684948322
168,8000662,Mack Ditch 1,29.8240554,,2029.9131278392,120694.141787942
169,8000763,Ashrama D PL HGT 1,71.46819216,,4404.38991749393,289222.705814656
170,8000764,Ashrama D PL HGT 2,71.46819216,,4404.38991749393,289222.705814656
171,8000668,North Side Ditch,7.95880467,,1595.57742849707,32208.2593983718
172,8000828,Willowmere South Ditch,20.29323399,,2336.60318374302,82124.1295890308
173,8000843,Swan Ditch 1,9.27229163,,939.044154593303,37523.7920354397
174,8000829,Rocky Mountain Fuel Ditch 1,59.94003561,,5898.52141069438,242569.701350874
175,8000897,Berrien Ditch 3,2.42423005,,516.065106926604,9810.54879360592
176,8000895,Berrien Ditch 1,13.32008066,,2054.16264759205,53904.6640223702
177,8000896,Berrien Ditch 2,6.28385913,,1298.98415432072,25429.9769082634
178,8000847,Hurlbutt Ditch 2,15.79734517,,1129.77300600158,63929.8369256709
179,8000849,Hurlbutt Ditch 1,14.67119055,,1097.16300723963,59372.4364200587
180,8000858,Hurlbutt Ditch,26.83542218,,1899.88208896201,108599.553258847
181,8000854,Davis Ditch 3,12.9485983,,2242.70903856331,52401.3355897999
182,8000831,Davis Ditch 1,20.2304523,,2383.38933256934,81870.052224875
183,8000848,Davis Ditch 2,33.71311275,,2347.1440032674,136432.661283057
184,0900739,Hicks #2,14.29855208,,2711.62697188178,57864.4239673976
185,0900740,Hicks #4,7.1104711,,1219.39741083624,28775.1745713569
186,0900741,Hicks #5,3.73308247,,858.336568762925,15107.3098402635
187,0801362,John Jones,169.87536287,,3571.65581703952,687463.972706617
188,0600650,Goodhue and Rock Creek Ditch,9873.76290677,,68572.1940607298,39957860.729343
189,4800566,HANCE DITCH,134.21923975,,6337.34277130991,543168.152875464
190,4800533,CABIN DITCH,11.99443932,,990.579679610244,48539.972364476
191,4800551,WARD DITCH 1,39.50904528,,2330.678910528,159888.069366534
192,4800514,YELTON DITCH,119.17931882,,6788.36368193371,482303.521355525
193,4800537,TALMAGE DITCH 1,14.92869088,,1346.66664760046,60414.5074564737
194,4800536,GLENDEVEY DITCH,9.33520743,,952.701666537212,37778.3884820347
195,4800538,MCINTYRE DITCH,4.6891546,,1164.39496854505,18976.4069661861
196,4800579,GRANT DITCH,58.50277068,,3284.16119109406,236753.26537676
197,4800544,PINE CREEK DITCH,47.96469764,,4000.57161684361,194107.021520558
198,4800550,WARD DITCH 2,22.24765122,,1272.64056927777,90033.3999735723
199,4800527,LINK DITCH 2,20.10391616,,1678.56598624713,81357.9829341
200,4800561,HOMESTEAD DITCH 2,33.91860416,,1755.12203359388,137264.279911751
201,4800557,PACHE DITCH,203.05508977,,7078.43925187489,821738.074800236
202,4800562,HOMESTEAD DITCH 1,41.47121739,,2601.3994006889,167828.730251085
203,4800542,LAMB DITCH,65.94635587,,2276.04530890264,266876.499615547
204,4800507,TIMOTHY DITCH,352.89387558,,6429.38567311832,1428116.55899294
205,4800563,FORRESTER CREEK DITCH,19.62837786,,1250.85469577551,79433.5346028379
206,4800541,HOMESTEAD DITCH,60.20773072,,2917.53376220292,243653.011714634
207,4800539,COMET DITCH,42.85589758,,3038.55696391764,173432.351464741
208,4800549,JIM CREEK DITCH,44.77374233,,2790.0249533606,181193.633977442
209,4800553,JIMMY CREEK DITCH,64.2275362,,4489.10171816518,259920.673426494
210,4800556,SCHNITGER DITCH,152.54087505,,6595.62605827203,617313.482376855
211,4800558,LA GARDE DITCH 1,138.44246623,,4974.25368701268,560259.022368036
212,4800559,LA GARDE DITCH,105.25728182,,6288.86202073865,425962.796847011
213,4800569,GRANT DITCH UPPER,67.56552139,,4183.15352444246,273429.067746244
214,0700720,Brookside Ditch,161.5366416,,3432.91715923569,653718.229023607
215,0700551,Cort/Graves/Hughes,230.12692371,,5924.14654080219,931294.365047788
216,0700526,Denver View AKA Tucker,2429.46004369,,33832.7717363108,9831715.38151569
217,0700570,Fisher Ditch,2439.13733138,,19313.6528179388,9870877.98779884
218,0700698,Wannemaker Ditch,1728.59294106,,18768.1861258594,6995395.36958625
219,0700711,Long Lake Ditch,929.64154185,,11130.1138284075,3762140.82978802
220,0700601,Lee/Stewart/Eskins Ditch Co,1939.95661379,,18458.4012640093,7850757.32506411
221,0700647,Reno Juchem & Swadley Longan Ditch,4027.20315429,,41627.3678261846,16297578.3715014
222,0700569,Farmers High Line Canal & Reservoir,61349.76384043,,138856.213220705,248274678.976391
223,0700652,Rocky Mountain Ditch,20054.80431416,,66758.959421248,81159238.2666086
224,0700632,Oulette Ditch,27.20299189,,2472.3033323428,110087.02616091
225,0500583,Upper Baldwin Ditch,399.95943436,,13287.5895142699,1618584.87872659
226,0600622,TN Willis Ditch,72.46547292,,2574.78359597906,293258.522202553
227,0600611,Harris Ditch,124.9310425,,4523.50931525791,505579.991115404
228,0600515,Boulder & Weld County Ditch,4479.28648279,,40370.6096840086,18127101.7091758
229,0400596,Jim Eglin Ditch,369.12300143,,8587.06955720876,1493793.78995606
230,2300500,PLATTE STATION DITCH,150.79638871,,3614.88151863872,610253.784301545
231,2300504,SOUDERS WOLFE D 3,40.98437724,,4457.59485478087,165858.558431358
232,2300505,SOUDERS WOLFE D 4,26.51485864,,2681.83686245616,107302.259110449
233,2300564,MIKLES DITCH,95.39501896,,3527.28611386754,386051.520653081
234,2300568,RADFORD WRIGHT DITCH,168.92344844,,4986.45113482523,683611.662257956
235,2300583,JACKSON DITCH,6.46869774,,1105.48256075195,26177.9967281425
236,2300585,HALL DITCH 1,128.50728367,,3591.61569422532,520052.566954031
237,2300586,HALL DITCH 2,169.50787658,,3979.66771160695,685976.757582558
238,2300691,FEHRINGER 2 DITCH,444.85625581,,8501.96826146861,1800276.56976354
239,0801240,Ratcliff Dillion Ditch,503.95087404,,7324.88389947339,2039425.00999126
240,0801230,Pleasant Park,653.36987879,,10575.6704334311,2644104.66370932
241,0801360,Conehay #1,138.91036032,,5652.80782403122,562152.515026212
242,0801421,Duvall Ditch,96.1883009,,3697.25701497294,389261.784442643
243,0801416,Goodrich Ditch,53.84678738,,2493.68235406529,217911.107693773
244,0801418,Necessity Ditch,88.80855651,,3847.78299101986,359396.932155089
245,0801406,Schreiber Ditch,10.51868572,,1035.28258672362,42567.7752247778
246,0801492,Izzard Ditch,29.33672809,,2533.55689328359,118722.002686541
247,0801412,Sixty Seven Ditch,121.79036024,,7512.56257573875,492870.082760455
248,0801413,Crawford Ditch,42.27557544,,4424.81451455462,171083.83837721
249,0801405,Smith Ditch,53.82671644,,3290.82660942189,217829.863678023
250,0801404,McCracken Ditch,137.9686519,,7212.58085831543,558341.524238368
251,0801414,Birmingham Ditch,141.53028889,,3333.51551737917,572755.056340771
252,0400580,Perkins Ditch,257.3270612,,7224.3709794331,1041369.85296771
253,0400582,Union Ditch,100.36149472,,3923.87604115711,406150.198346733
254,0400691,Hansen Supply & Feeder Canals,3602.88269779,,57911.1760262176,14580407.3920069
255,0600538,Lower Boulder Ditch,7147.33767875,,74616.1939991456,28924364.9993041
256,0200871,FRICO/Standley Lake,31760.11804102,,101521.708510025,128529151.718607
257,0400521,Handy Ditch & Reservoir,20755.42448688,,93203.8906639303,83994558.8227548
258,0700614,Manhart Ditch,546.32888447,,9844.087778969,2210923.37562405
259,0700527,Bayou Slough Ditch,3003.49648326,,21803.3642565301,12154767.6958784
260,0700502,Agricultural Ditch and Reservoir,18128.7403115,,78145.94885512,73364702.6811146
261,0301040,Mitchell No. 1 Ditch,26.7813856,,1714.64006200626,108380.859337586
262,0301039,Mitchell No. 2,505.61385443,,10174.9243980123,2046154.8488227
263,0301041,Wetzler Ditch,238.39090976,,9063.50439354838,964737.629662135
264,0301030,Rabbit Creek,432.62823416,,9521.52269294879,1750791.37544803
265,0300997,Chase Ditch,87.27447236,,6579.80140172706,353188.681502657
266,0300995,Calloway Ditch,251.04374444,,5677.18637502265,1015942.06165143
267,0300911,Water Supply & Storage,69231.34015495,,230430.839210583,280170414.231548
268,0301051,"Peery Ditches, Campbell Development",114.20389238,,4940.5277424196,462168.587578422
269,0301229,Maxwell No. 2 Ditch,119.74604185,,5174.03545843348,484597.017266848
270,0300991,Campton Ditch,196.93456895,,11048.8655293448,796969.113201619
271,0301022,Maxwell Ditch,15.72097785,,1876.15391767102,63620.8041127344
272,0301023,Hawkes Ditch,34.40573699,,2991.73092386162,139235.623677185
273,0301206,Weaver Ditches,54.73106085,,3146.3799231718,221489.627299165
274,0301204,Davis Ditches,38.06438741,,2557.65715299694,154041.728115087
275,0301017,Woods Ditches,27.76320102,,2805.97656854381,112354.11851709
276,0300994,Brown Ditches,14.92558682,,1499.29827955671,60401.9629769146
277,0300766,Boyd George Stafford Ditch,107.66014501,,5034.66835659844,435686.889226645
278,0301056,CH Weaver Ditch,26.57656906,,2524.99289363279,107551.987370438
279,0700549,Colorado Agricultural Canal,775.83816424,,32557.0622491027,3139718.22517959
280,0301038,Burnham Emerson,684.46840161,,15565.3497104858,2769956.42788211
281,0301111,Buckeye Ditch,1678.5936928,,13886.3174261925,6793054.841444
282,6400535,South Platte Ditch,5553.83439943,,30946.0092405745,22475660.3841399
283,6400532,Davis Brothers Ditch (Abandoned),2564.10975585,,21076.6042326063,10376625.4972428
284,6400503,South Reservation Ditch,933.54158231,,16181.0559245306,3777923.87111774
285,6400520,Iliff Platte Valley Ditch,7770.6995212,,37919.358728852,31447031.0094065
286,6400524,Low Line Ditch,3078.47320046,,21508.7840052504,12458188.8587121
287,6400525,Henderson-Smith Ditch,427.68319642,,6739.51498072398,1730779.42643194
288,6400515,Upper Harmony Ditch,2580.56749924,,21971.7281744196,10443228.0383199
289,6400531,Schneider Ditch,2585.36929345,,23225.8771346802,10462660.2042567
290,0400522,Hill and Brush Ditch,921.37588466,,19529.1108663695,3728690.85076642
291,6400514,Ramsey Ditch,403.29728157,,9916.28096133795,1632092.76763509
292,6400516,Blair and Powell Ditch,2596.26579586,,22673.8649534166,10506756.8918564
293,0801004,Highline Canal,28091.45249155,,134204.344558541,113682529.561443
294,0801008,City Ditch,6398.73368983,,53528.3936316148,25894859.986764
295,4800505,Link Ditch No. 1,144.89565687,,3611.45992574797,586374.262059053
296,4800507,Timothy Ditch,66.5173452,,3323.82861523525,269187.228623685
297,4800510,Martin Ditch No. 2,244.0433621,,6172.10041199737,987612.413370505
298,4800512,Hills Ditch,186.14609109,,9285.55091818256,753309.507898243
299,4800518,Mansfield & Enlargement Ditch,201.86648226,,9610.75457957363,816927.918889803
300,4800519,Mansfield Ditch,113.51021616,,4584.82095840859,459361.403644882
301,4800565,Grace Creek Ditch?,505.09559335,,8796.35679234528,2044057.49594586
302,4800521,Bliler Boswell Ditch,204.55626361,,7619.77473562953,827813.155458962
303,4800546,Stuart Ditch No. 1,23.24427339,,1603.28690306157,94066.6068778713
304,0500829,Oscar Beckwith,140.91479431,,3622.710168029,570264.239834202
305,0301115,Boxelder Channel Ditch 1,83.9691549,,2487.72150378042,339812.420683963
306,0301191,Canon Canal Ditch,70.30297016,,2642.26685795127,284507.154825675
307,6400502,Liddle Ditch,961.13297923,,10752.0387330038,3889582.71430961
308,0100525,Tetsel Ditch,1318.9922027,,11105.6776423075,5337793.42151081
309,6400528,Sterling Irrigation Company,12900.84308459,,73666.2983502209,52208068.6067266
310,6400522,Bravo Ditch,4038.78322423,,26253.8612468127,16344441.2149702
311,0200836,Patterson Ditch,1563.06102861,,16864.4903258814,6325508.8646485
312,0300934,Greeley #3 Irrigation Company,6414.02000723,,40886.1825969664,25956721.824753
313,0200837,Plum Ditch,1287.693337,,19166.1723835317,5211130.922255
314,6400501,Carlson Ditch,135.70365786,,4012.19407959773,549175.405787623
315,6400530,Springdale Ditch,5240.96921228,,44383.559195855,21209534.6975873
316,0305381,Warren Lake Reservoir,3785.51601187,,20473.7568926097,15319501.0666753
317,0301142,Mail Creek Ditch,2927.39622158,,18694.4563028387,11846799.5612011
318,0300918,Arthur Ditch,5315.9008566,,32907.4134780839,21512773.5533499
319,0301029,Taylor & Gill Ditch,702.27078806,,10278.9078787521,2842000.41405197
320,0300914,Larimer County Canal No. 2 Irrigating,4847.60004589,,47151.8455013292,19617619.8704133
321,0300913,New Mercer Ditch,127.55728845,,7608.14338168358,516208.059637759
322,0300912,Jackson Ditch,4124.76860612,,33988.3290759528,16692413.0508615
323,0300937,Ogilvy Irrigation,4108.40141435,,42333.3566511094,16626177.1303301
324,0200824,Farmers Independent Ditch,8582.93920088,,59448.0886660073,34734061.6590532
325,0200822,Meadow Island No.2 / Beeman Ditch,5031.97254421,,33835.7744877628,20363751.8299422
326,6400509,Tamarack Ditch,551.29156146,,10292.174689876,2231006.76762834
327,0700597,Kershaw Ditch,229.57367776,,3983.67940052183,929055.375934874
328,0700540,Church Ditch Company,5543.3554227,,70734.6399444092,22433253.0614725
329,0700547,Lower Clear Creek Ditch,4021.20864323,,36732.7391805645,16273319.1286814
330,0200808,Fulton Irrigating Ditch,20829.28081174,,98298.9768733895,84293445.9919099
331,0200915,"Burlington Ditch, Reservoir & Land Company",18263.97392745,,103487.736992082,73911975.7266157
332,0200805,Henrylyn Irrigation Company,79251.54271729,,136563.56576783,320720897.400211
333,0100515,Upper Platte & Beaver,15839.34139989,,70454.3139978611,64099796.9148089
334,0103817,Jackson Lake Reservoir,101.37587999,,2944.57010999688,410255.238918359
335,6400533,Farmers Pawnee Canal,15726.86249334,,95074.6500306591,63644609.0500398
336,0400517,Evans Town Ditch,2010.79175816,,27867.84503281,8137418.10036934
337,0200830,Section 3 Ditch AKA Godfrey,1823.03401952,,24994.6995806871,7377586.46510573
338,0200817,Platte Valley Irrigation,19340.64220513,,80986.6158437117,78269115.2420295
339,0203837,FRICO/Barr Lake,104013.92211236,,192724.236362761,420931092.567655
340,0200834,Lower Latham Ditch,17413.63069172,,83928.8051852147,70470745.0956407
341,0100504,Illinois Ditch,8923.99758335,,48758.7612784683,36114281.3163333
342,0200828,Union Ditch (Dist. 2),7706.7578229,,58648.9797269813,31188267.1850548
343,0200825,Western Mutual Ditch,11337.52903212,,72178.9080359632,45881535.7356139
344,0203876,FRICO/Milton,25243.83014287,,91488.0603514111,102158564.593001
345,0600534,Houck 2 Ditch,93.98415135,,3580.07236519034,380341.835796714
346,0900752,Hodgson Ditch,133.85280006,,4634.99017102981,541685.224543204
347,6403906,Julesburg Irrigation District,8958.17328888,,78152.3828713109,36252586.1700298
348,0100517,Deuel & Synder Ditch,2143.7577143,,33308.5216621895,8675514.31894512
349,0100519,Tremont Ditch,2616.85784326,,29458.1563507259,10590090.2768077
350,0600523,Delehant Ditch,93.00116291,,3502.7799186356,376363.825493155
351,6400508,Settlers Ditch,7070.62092374,,67796.3470392952,28613902.2236722
352,0200873,Big Dry Creek Ditch,1126.44117012,,19923.785267226,4558563.87635654
353,0600542,McCarty Ditch,147.17502621,,4986.1168503919,595598.636810992
354,0600732,Orcine Ditch,43.09825714,,1783.66077030019,174413.146199988
355,0600501,Anderson Ditch,2208.91777602,,20764.1360380897,8939208.83682901
356,0600621,W C Hake Ditch,70.82020612,,2837.13858107926,286600.350265309
357,0600608,Eggleston No 1 Ditch,114.63971416,,4355.33679237527,463932.308096958
358,0500561,Island Ditch,46.92539448,,1788.96849076393,189901.104046391
359,0600553,Smith & Emmons Ditch,1603.30124583,,16294.1286962604,6488355.9633356
360,0200812,Lupton Bottom Ditch,5964.91677624,,58062.8136974003,24139258.439274
361,0500942,Cole Seep Ditch,384.57873558,,5474.10109812995,1556341.10321284
362,0500538,True Webster Ditch,105.51654176,,2930.71856357775,427012.002510701
363,0400592,Eagle Ditch,169.70973301,,5837.25852087988,686793.708283227
364,0400599,Miner & Longan Ditch,186.4441036,,4576.18181741024,754515.504193991
365,0400523,Consolidated Hillsboro Ditch Company,12117.39887629,,69557.5192622504,49037569.6279567
366,0400600,Osborn and Caywood Ditch,286.6172955,,6284.64498839593,1159903.62938085
367,0400574,Buckhorn Highline Ditch,290.80684762,,11211.430647313,1176858.27965216
368,0400532,Greeley-Loveland Irrigation Company,43093.29897331,,127723.281123663,174393091.125625
369,0400501,Barnes Ditch Company,1887.42453899,,22654.9618846614,7638166.71116012
370,0400519,Farmer's Irrigating Ditch & Reservoir,4589.29578915,,39485.2030158039,18572295.3502194
371,0400603,WR Blower Ditch,345.71998795,,8350.65391903373,1399084.66974469
372,0500601,Zweck Turner Ditch Co.,457.4402556,,7663.37954281389,1851202.51440123
373,0500549,Runyon Ditch,111.21854393,,3358.49241392446,450087.262717952
374,0500535,Clough True Ditch,97.67594616,,3177.13851963683,395282.103701086
375,0500536,Clough Private Ditch Co.,99.53176505,,2981.00672176245,402792.391757956
376,0500560,Beckwith Ditch,736.21513537,,12825.6818954229,2979368.83349891
377,0500559,Cushman,63.45880633,,2502.04600074377,256809.715643838
378,0500558,South Flat Ditch,1194.89504845,,18736.3395888184,4835588.02715606
379,0500534,Goss Private Ditch,184.66662289,,3683.06161342512,747322.280266525
380,0500539,James Ditch,1655.99129787,,31666.4485362883,6701585.91237206
381,0500548,Denio & Taylor Ditch,557.91509468,,12995.1263292143,2257811.23817299
382,0500537,Webster McCaslin Ditch,223.59590076,,6530.52185612639,904864.142253228
383,0500589,Last Chance Ditch,2511.46229261,,19627.6168957935,10163567.9869922
384,0500545,Longmont Supply Ditch Company,3153.31481825,,27671.9505415584,12761063.3884775
385,0500587,Rice Ditch,70.01462611,,2865.94835263288,283340.280558355
386,0500588,John Rice Ditch,129.33810173,,5550.14988649129,523414.831220626
387,2301094,BEAUMARIS POND FEEDER DITCH,337.72779413, ,11668.8770248428,1366741.35618269
388,2301022,BAKER LILLEY DITCH 1,460.21436895,,7283.44790247113,1862428.93957849
389,2300503,SOUDERS WOLFE D 2,22.07714818,,2890.05992372276,89343.4087474764
390,2300506,SOUDERS WOLFE D 5,7.60763761,,1114.30265854095,30787.1411764146
391,2300569,GARDEN DITCH,168.92344844,,4986.45113482523,683611.662257956
392,2300868,SPRING DITCH,35.1183429,,3641.30277205988,142119.461289621
393,2300579,HEELEY DITCH 2,168.92344844,,4986.45113482523,683611.662257956
394,2300516,WEAVER DITCH 1,24.78271014,,2479.25018262724,100292.452496025
395,2300520,KESTER SWEET DITCH,10.9492892,,1293.0005495117,44310.3735836461
396,2300760,SACRAMENTO DITCH,582.11894258,,8154.66923784105,2355761.19461452
397,0500571,Johnson Ditch,287.19247237,,5212.67936195067,1162231.34603646
398,0500572,Star Ditch Co,3042.59454229,,25272.5608579206,12312992.6608644
399,0900767,Independent Highline,535.80989319,,9605.26252955985,2168354.36014543
400,0700699,Welch Ditch,4216.04472499,,56418.9720637522,17061795.9047899
401,0900958,Ward Ditch,4738.85587158,,34064.3766126397,19177546.1051751
402,0900535,Bergen Ditch,7819.04952224,,24567.0139354872,31642697.5530206
403,0500584,Lower Baldwin Ditch,162.46649347,,3640.23234231848,657481.172607962
404,0200552,Coalridge Ditch,7660.21465442,,42390.1084502071,30999912.7866072
405,0500527,Rough and Ready Ditch Co.,5744.46275963,,45184.2734288469,23247109.0108694
406,0801009,Nevada Ditch,1397.96706428,,17596.6639180618,5657394.68436614
407,0900731,Arnett/Harriman Ditch,11775.09121309,,40206.930698546,47652294.0001312
408,0500526,Highland Ditch Company,48410.11577954,,184036.643976729,195909571.61191
409,0400588,Boulder & Larimer County Irrigation & Manufacturing Ditch,3701.57116825,,36887.8230643014,14979787.0757645
410,0500523,Supply Irrigating Ditch,8900.62087312,,108980.7475286,36019678.5391354
411,0400543,South Side Irrigation & Reservoir,2941.59521984,,42477.8359843494,11904261.0743306
412,0400520,George Rist Ditch Company (Home Supply),3244.64399401,,25691.2351765751,13130660.8264176
413,0400541,Rist and Goss Ditch Company,232.89044585,,4931.87607400993,942478.006816132
414,0600582,Jones and Donnelly Ditch Co.,1533.86852685,,20560.8930423191,6207370.51895024
415,0600518,Butte Irrigating & Milling Ditch,1448.23537115,,18615.7702631596,5860824.04711164
416,0600566,Cottonwood No. 2 Ditch,1086.74595849,,18849.2604016412,4397922.3740935
417,0600570,Dry Creek No. 2 Ditch,821.03191961,,12307.1208947,3322611.64624833
418,0600612,Kerr No. 1,165.32092072,,4340.62563239464,669032.689793731
419,0600567,Davidson Ditch,2698.3967948,,52797.7386047307,10920068.0593124
420,0500519,Reese Stiles Ditch,125.67820754,,3440.89458328218,508603.69328167
421,0500520,Meadow Ditch,27.44047073,,1900.22264125055,111048.088960603
422,0500938,Carl Holcomb Ditch,9.34308575,,774.715129093936,37810.2758804873
423,0500520,South Ledge Ditch,650.31479673,,14453.0770513244,2631741.12170681
424,0500513,Dave Miller Ditch,22.97205132,,1331.464300287,92964.9770441754
425,0500530,Smead Ditch,538.59075761,,8481.80602197722,2179608.16588022
426,0500531,Montgomery Private Ditch,114.63197718,,4851.23011203156,463901.046634827
427,0500569,Table Mountain Ditch,2838.63072877,,26227.9722713157,11487577.0512303
428,0500648,Toll Gate Ditch,1662.83511052,,22354.5930925418,6729281.86523321
429,0500564,Lake Ditch,3398.42169407,,21486.7730126355,13752979.7279572
430,0500555,Renner Ditch,36.60290785,,2968.85966962663,148127.2975019
431,0500529,Swede Ditch,3854.55629129,,31015.4383213667,15598898.2147001
432,0500556,Nelson Ditch,27.36728306,,2456.22580235912,110751.901804661
433,0600516,Boulder & Whiterock Ditch,10868.12355982,,86215.5694747521,43981911.5511887
434,0800909,Wheeler Ditch 1,19.65605694,,1635.90890109146,79545.5728428934
435,0800910,Lower Wheeler Ditch,17.29295899,,2484.68201081065,69982.4133377486
436,0801125,Fairview Ditch,531.61538719,,9625.44249398091,2151379.72034437
437,0801124,Hayland Ditch,291.80359281,,8285.06570395301,1180892.00166672
438,0801483,Norman Pipeline,7.97428651,,827.008037890324,32270.9254557716
439,0801279,Woodhouse Ditch,38.96154381,,1917.1034857763,157672.393760118
440,0801264,C Alphonse Jarre Ditch,19.74591111,,1671.33977394137,79909.1766162703
441,0801250,Garber Creek Ditch 1,365.70350785,,7363.85505048213,1479955.50854069
442,0801216,James Ditch,8.85920967,,845.221500827408,35852.0975279601
443,0801217,Smith Ditch 1,48.7994843,,2191.24209230152,197485.291230542
444,0801426,Schutz,168.70295998,,4471.62329277227,682719.345446428
445,0801241,Dakan Ditch,503.95087404,,7324.88389947339,2039425.00999126
446,0801237,Spring Creek Ditch,503.95087404,,7324.88389947339,2039425.00999126
447,8000667,South Side Ditch,47.82399242,,3471.7520876232,193537.623003541
448,8000776,Meadow Ditch,7.38150033,,844.760826471731,29871.9804538296
449,8000774,Berger Ditch,45.30591634,,3318.4511657337,183347.279418464
450,8000777,Kountze Ditch,32.1697827,,2364.8093030488,130187.02561266
451,8000773,Upper Craig Creek Ditch,4.85292424,,1043.42119172921,19639.1677619693
452,8001014,Sunnyside Ditch 2,37.59432467,,2830.21032602707,152139.432751354
453,8000673,Bond Ditch 2,35.99149301,,2080.85595188869,145652.981350938
454,8000867,South Mendenhall Ditch,7.06934244,,1085.98931986098,28608.7282684138
455,8000784,Jeffries Crawford Ditch,64.63989659,,3332.28934135861,261589.4097225
456,8000812,Clifford Gulch Ditch,18.59778325,,1607.52002753415,75262.8545785669
457,8000785,Wonder Ditch,11.46703143,,1546.53715317255,46405.6138932943
458,8000794,Flume Ditch,36.00706218,,2927.12506708603,145715.985087555
459,8000792,Parmalee Ditch 2 & 3,65.54888624,,4384.49691526609,265268.012724307
460,8000799,Alkire Ditch,6.35947583,,1138.04681677103,25735.9921702817
461,8000801,Campbell Ditch,8.45924772,,860.427333390004,34233.4979556846
462,8000800,Johnson Ditch,6.90869126,,965.352584289589,27958.5971725567
463,8000827,Williams Ditch 2,10.88639014,,1671.61604972976,44055.8310777368
464,4800568,Stuck Creek Ditch,138.3661636,,3990.06062682835,559950.236191033
465,4800520,Warren Ditch,66.26851488,,2603.4555425412,268180.229778805
466,4800534,Forrester Brown Ditch,65.82040871,,2680.84017931511,266366.80586515
467,4800506,Parker Ditch,147.23571223,,4465.18222945414,595844.195808453
468,4800531,Davy Ditch,21.51652593,,1213.20322761424,87074.6376153079
469,4800529,Brown Ditch Nunn Creek,26.66962845,,1682.40913005502,107928.578375484
470,0300797,Fisk Ditch,11.88351619,,1246.80909647656,48091.0799181779
471,2300573,HEELEY DITCH 1,168.92344844,,4986.45113482523,683611.662257956
472,0300814,French Creek Ditch,5.90879374,,1242.89048682828,23912.1425528132
473,6400511,Harmony Ditch,12219.81188873,,58952.0158779491,49452022.017418
474,6400506, ,263.89989311,,5079.5802209817,1067969.24239244
475,6400507, ,2791.32454421,,27073.1384928945,11296134.9358955
476,0100687,North Sterling Irrigation,79698.03800665,,200014.06510613,322527807.048412
477,6400513, ,482.7482669,,5884.31726756844,1953620.78936401
478,6400518, ,1188.67799682,,15969.3219317303,4810428.47758637
479,0300994,North Poudre Irrigation Company,57788.3135575,,203643.682161278,233861943.504186
480,0300905,North Poudre Irrigation Company,57787.88084632,,203647.630545269,233860192.410842
481,0301108,Roberts Ditch No. 3,47.78735794,,2358.95492818251,193389.359738858
482,4800513,Smith Brown Ditch,118.67076762,,6075.55171780181,480245.523495815
483,4800511, ,79.70154715,,5106.27907264083,322542.011547009
484,4800564,DETRO DITCH 1,45.60019831,,3034.88653846498,184538.200205718
485,4800509,Martin Ditch No. 1,235.08593381,,8244.2635535546,951362.835900144
486,0300931,B.H. Eaton Ditch,1877.21551547,,19686.290587498,7596852.04118562
487,0801215, ,8.82841126,,796.059476401411,35727.4568234302
488,0801235,Red Rock Ditch,55.95071289,,2073.52684327529,226425.421562249
489,2300631,WARM SPRINGS CR DITCH,278.34224942,,7047.88452504221,1126415.63247255
490,8000674,J Higgins Ditch,126.56582725,,7144.60394151808,512195.758523932
491,0801400,Alderman Ditch,85.81662139,,3883.54888354566,347288.958310926
492,0801427,Von Osten,289.11367817,,5305.15037248903,1170006.20639044
493,0801007,Last Chance Ditch 2,684.86158283,,11172.9079745804,2771547.58941889
494,0301076, ,95.20425396,,3633.33446327244,385279.484692075
495,4800515,JIMMIE CREEK DITCH,19.21906891,,2411.80274576918,77777.1229022509
496,2300502,REDMON DITCH,3.59660642,,808.682123685589,14555.0105751733
497,2300866,WILSON DITCH,19.76266925,,2559.91170223,79977.0049931197
498,6400599, ,471.00323252,,8044.5207086907,1906090.12909127
499,2301083,FLUME DITCH,10.6765507,,1920.90542819727,43206.6378238197
500,2300587,SPRING DITCH,92.38563244,,3970.02976441776,373872.89482148
