LENGTH,WEIGHT,DIV,WDID,NAME,SHAPE_Leng
874.89113240200,0.00000000000,1,0700632,OUELETTE DITCH,874.89122274100
1139.09596227000,0.00000000000,1,2300587,SPRING DITCH,1139.09601919000
6163.16472669000,0.00000000000,1,0600518,BUTTE MILL DITCH,6163.16472686000
972.19401209200,0.00000000000,1,0600565,LEYNER COTTONWOOD DITCH,972.19400397200
8450.52097613000,0.00000000000,1,0200837,HIGHLAND DITCH,8450.52120249000
2055.00482729000,0.00000000000,1,0200828,UNION DITCH,2055.00485043000
2116.59007229000,0.00000000000,1,0300911,LARIMER COUNTY DITCH,2116.59007747000
2684.75266998000,0.00000000000,1,0200805,DENVER-HUDSON CNL,2684.75268965000
1337.67371192000,0.00000000000,1,2300986,SESSIONS DITCH,1337.67361264000
1562.52786915000,0.00000000000,1,8000829,ROCKY MTN FUEL DITCH 1,1562.52788921000
2878.33906706000,0.00000000000,1,2301003,BRUBAKER DITCH,2878.33913710000
434.10724851100,0.00000000000,1,8000760,WINKLER DITCH 1,434.10730045100
448.50241769700,0.00000000000,1,8000812,CLIFFORD GULCH DITCH,448.50244132800
14056.87306200000,0.00000000000,1,0200808,FULTON DITCH,14056.87321110000
748.36247590100,0.00000000000,1,0801426,SCHULTZ DITCH,748.36245466000
8022.49005305000,0.00000000000,1,6400503,SOUTH RESERVATION DITCH,8022.49012948000
1180.19149542000,0.00000000000,1,0500537,WEBSTER MCCASLIN DITCH,1180.19144890000
1911.27317248000,0.00000000000,1,0500534,GOSS PRIVATE DITCH 1,1911.27314517000
810.94514322700,0.00000000000,1,4800537,TALMAGE DITCH 1,810.94514229000
590.83837348100,0.00000000000,1,0600520,CARR TYLER DITCH,590.83836214100
2433.75054450000,0.00000000000,1,0301111,BUCKEYE DITCH,2433.75050103000
1004.41813770000,0.00000000000,1,8000854,DAVIS DITCH 3,1004.41818649000
3781.72220405000,0.00000000000,1,0500601,ZWECK TURNER DITCH,3781.72224435000
1133.18460194000,0.00000000000,1,4800562,HOMESTEAD DITCH 1,1133.18458607000
11098.00000780000,0.00000000000,1,0200872,GERMAN DITCH,11098.00019690000
205.48944271700,0.00000000000,1,8000651,HALL VALLEY DITCH,205.48940673800
2761.00011271000,0.00000000000,1,0100620,CONSOLIDATED LARSON D,2761.00015276000
635.35643836300,0.00000000000,1,0801400,ALDERMAN DITCH,635.35650864000
3948.92413830000,0.00000000000,1,2300695,FEHRINGER 1 DITCH,3948.92393239000
1491.08091633000,0.00000000000,1,2300975,E.C. WHITTEN DITCH 1,1491.08088810000
925.90152192000,0.00000000000,1,0300999,ROBERTS DITCH 1,925.90150508600
867.96994783600,0.00000000000,1,8000650,WANITA DITCH,867.96999739400
462.23571661800,0.00000000000,1,0900740,HICKS NO 4 DITCH,462.23577399900
2189.56138284000,0.00000000000,1,0600608,EGGLESTON NO 1 DITCH,2189.56117497000
2889.00558143000,0.00000000000,1,4800510,MARTIN DITCH 2,2889.00559069000
8287.48661277000,0.00000000000,1,0400522,HILL BRUSH DITCH,8287.48653951000
7838.83981012000,0.00000000000,1,0700601,LEE STEWART ESKINS DITCH,7838.83979403000
3600.26711443000,0.00000000000,1,2300665,BONNELL DITCH,3600.26710386000
360.96440218600,0.00000000000,1,8000825,WILLIAMS DITCH 3,360.96434635500
4305.26229101000,0.00000000000,1,0200836,PATTERSON DITCH,4305.26225635000
2304.83227312000,0.00000000000,1,4800538,MCINTYRE DITCH,2304.83231727000
9104.67404928000,0.00000000000,1,0600570,DRY CREEK NO 2 DITCH,9104.67378372000
1935.07067936000,0.00000000000,1,0600615,LAST CHANCE DITCH,1935.07074872000
3233.85542726000,0.00000000000,1,2300886,FREMONT IRR DITCH,3233.85551931000
7993.16353941000,0.00000000000,1,0700711,LONG LAKE DITCH,7993.16343613000
9343.46864283000,0.00000000000,1,6400513,CHAMBERS DITCH,9343.46867380000
991.74101200200,0.00000000000,1,4800534,FORRESTER DITCH,991.74101602000
563.35088030400,0.00000000000,1,8000827,WILLIAMS DITCH 2,563.35091680900
165.12328972700,0.00000000000,1,0801266,SCHAEFFERMEYER DITCH 1,165.12320762900
863.70870954900,0.00000000000,1,0801416,GOODRICH DITCH,863.70880266200
4979.47122755000,0.00000000000,1,0301041,WETZLR WYMOUTH MITCHEL D,4979.47099403000
3355.13342440000,0.00000000000,1,0400580,PERKINS DITCH,3355.13315161000
738.57470126500,0.00000000000,1,8000659,MACK DITCH 3,738.57464516400
4024.58342584000,0.00000000000,1,6400501,CARLSON DITCH,4024.58347215000
4458.73628164000,0.00000000000,1,0600650,GOODHUE DITCH,4458.73603918000
5118.39802787000,0.00000000000,1,0500542,DAVIS DOWNING DITCH,5118.39796162000
2539.94892774000,0.00000000000,1,0801230,PLEASANT PARK DITCH,2539.94911170000
1655.52654114000,0.00000000000,1,0801241,DAKAN DITCH,1655.52653599000
2308.30002562000,0.00000000000,1,0600513,BOULDER LEFT HAND DITCH,2308.30015350000
5806.23466841000,0.00000000000,1,2300691,FEHRINGER 2 DITCH,5806.23472620000
14980.89033740000,0.00000000000,1,0600603,SILVER LAKE DITCH,14980.89009400000
4403.28950337000,0.00000000000,1,0700526,BRAINARD TUCKER DITCH,4403.28948491000
409.85845045600,0.00000000000,1,8000873,CORBIN DITCH 2,409.85851578100
12341.09362010000,0.00000000000,1,2300673,SIGAFUS DITCH,12341.09350310000
17031.33009130000,0.00000000000,1,6400535,SOUTH PLATTE DITCH,17031.33053220000
6557.63979025000,0.00000000000,1,0600551,RURAL DITCH,6557.63974939000
765.64833259300,0.00000000000,1,0700528,BROWN BAUGH DITCH,765.64834296500
2102.65558296000,0.00000000000,1,0600557,WELLMAN DITCH,2102.65564121000
1365.95139141000,0.00000000000,1,0700647,RENO JUCHEM DITCH,1365.95134797000
11985.00651150000,0.00000000000,1,6400522,BRAVO DITCH,11985.00607880000
5966.27582489000,0.00000000000,1,0500548,DENIO TAYLOR DITCH,5966.27574929000
459.07790019500,0.00000000000,1,8000867,SOUTH MENDENHALL D,459.07786360300
1372.37343380000,0.00000000000,1,2300926,PACKER BONIS DITCH,1372.37339961000
77.14757213110,0.00000000000,1,8000739,HEPBURN DITCH 1,77.14750183810
610.91860851900,0.00000000000,1,0801404,MCCRACKEN DITCH,610.91856535700
49.67023576750,0.00000000000,1,0300825,FOSSIL CREEK INLET PT 2,49.67018417480
1807.21716350000,0.00000000000,1,4800519,MANSFIELD DITCH 2,1807.21715827000
454.81398337300,0.00000000000,1,8000858,HURLBUTT DITCH,454.81395129300
349.32978288300,0.00000000000,1,8000872,CORBIN DITCH 1,349.32974835900
7048.27310296000,0.00000000000,1,0300930,WHITNEY IRR DITCH,7048.27281817000
939.07829356400,0.00000000000,1,8000662,MACK DITCH 1,939.07826308100
1671.32388533000,0.00000000000,1,0801124,HAYLAND DITCH,1671.32388058000
9052.35349588000,0.00000000000,1,6400509,TAMARACK DITCH,9052.35344067000
1433.17524064000,0.00000000000,1,2301020,CROSIER HAWXHURST DITCH,1433.17525607000
599.04401777600,0.00000000000,1,0801267,SCHAEFFERMEYER DITCH 2,599.04406751200
8336.02333928000,0.00000000000,1,0500552,CLOVER BASIN DITCH,8336.02335696000
90.02293176270,0.00000000000,1,0801120,GLEN PLYM DITCH 1,90.02296149260
316.54961441700,0.00000000000,1,2300585,HALL DITCH 1,316.54960427100
4744.54662970000,0.00000000000,1,0801125,FAIRVIEW DITCH,4744.54683851000
917.11085926100,0.00000000000,1,2300936,ANSON A ALLEN DITCH,917.11086276400
5110.36486531000,0.00000000000,1,0500571,JOHNSON DITCH,5110.36480579000
3367.79949303000,0.00000000000,1,0100688,UNION DITCH,3367.79941962000
1170.82029653000,0.00000000000,1,2301022,BAKER LILLEY DITCH 1,1170.82023333000
916.02607892000,0.00000000000,1,2300963,RANDALL NICHOLAS DITCH,916.02604362200
527.34320804800,0.00000000000,1,8000763,ASHRAMA D PL HGT 1,527.34322300900
408.66004928000,0.00000000000,1,0400578,KIRCHNER DITCH,408.66020663300
6683.04442160000,0.00000000000,1,0100507,BIJOU CANAL,6683.04454519000
3461.85361777000,0.00000000000,1,8000707,LININGER DITCH,3461.85352210000
79746.74783979999,0.00000000000,1,0801004,HIGHLINE CNL,79746.74792490000
3660.18041345000,0.00000000000,1,0100525,TETSEL DITCH,3660.18036936000
8.17089121149,0.00000000000,1,0200871,WHIPPLE DITCH,8.17087664171
1837.34886061000,0.00000000000,1,0400600,OSBORNE CAYWOOD DITCH,1837.34881021000
366.64600230600,0.00000000000,1,0400587,BEELINE DITCH,366.64595535900
9048.94076363000,0.00000000000,1,2300700,HARRINGTON RICKARDS D,9048.94061630000
1390.93877790000,0.00000000000,1,0400503,BIG THOMPSON D MFG,1390.93862725000
445.29761355900,0.00000000000,1,8000740,HEPBURN DITCH 4,445.29755182000
1031.20204065000,0.00000000000,1,0801403,HEISER DITCH,1031.20213785000
1015.24777607000,0.00000000000,1,4800550,WARD DITCH 2,1015.24780129000
11345.28377500000,0.00000000000,1,0400521,HANDY DITCH,11345.28364600000
7888.90625255000,0.00000000000,1,0600527,GODDING DAILEY PLUMB D,7888.90627054000
2746.57087016000,0.00000000000,1,4800566,HANCE DITCH,2746.57040172000
1513.10788746000,0.00000000000,1,2301083,FLUME DITCH,1513.10789133000
1215.17334647000,0.00000000000,1,0500519,REESE STILES DITCH,1215.17336852000
1393.30296500000,0.00000000000,1,0801421,DUVALL DITCH,1393.30296151000
3633.79056263000,0.00000000000,1,0200885,SLATE DITCH,3633.79055656000
495.15640215500,0.00000000000,1,0100511,WELDON VALLEY DITCH,495.15639617100
2571.21618112000,0.00000000000,1,4800539,COMET DITCH,2571.21627588000
480.90826156000,0.00000000000,1,0900918,SQUAW DITCH,480.90829651200
4348.38481720000,0.00000000000,1,0300932,WILLIAM R JONES DITCH,4348.38462987000
810.23722728000,0.00000000000,1,0301040,MITCHELL WEYMOUTH D 1,810.23729986000
3209.25845338000,0.00000000000,1,4800540,STUART DITCH 2,3209.25842649000
2292.00496180000,0.00000000000,1,0700540,CHURCH DITCH,2292.00476835000
2646.03428190000,0.00000000000,1,0500551,PELLA DITCH,2646.03416557000
687.44795059300,0.00000000000,1,0301106,STURDEVANT DITCH 1,687.44791683600
568.15768474600,0.00000000000,1,8000668,NORTH SIDE DITCH,568.15762988000
992.06769843600,0.00000000000,1,0600536,HOWELL DITCH,992.06760882000
4049.02021673000,0.00000000000,1,0100514,FT MORGAN CANAL,4049.02035786000
1196.00134532000,0.00000000000,1,2301069,BISON DITCH,1196.00125306000
2301.45208982000,0.00000000000,1,0300935,BOYD FREEMAN DITCH,2301.45196250000
3128.55834526000,0.00000000000,1,4800560,NELLIE DITCH,3128.55820108000
1396.16092891000,0.00000000000,1,0700649,RHODES MIDDLE DITCH,1396.16085411000
324.65235761100,0.00000000000,1,0900887,SANGER NO 1 DITCH,324.65234492000
8002.38934219000,0.00000000000,1,0600569,DRY CREEK DAVIDSON DITCH,8002.38921318000
2838.02660039000,0.00000000000,1,0600586,MCGINN DITCH,2838.02671182000
1306.69519343000,0.00000000000,1,4800568,STUCK CREEK DITCH,1306.69514392000
6410.53739907000,0.00000000000,1,0300910,PLEASANT VALLEY LAKE CNL,6410.53742204000
1070.65617514000,0.00000000000,1,0801226,KOUNTZ DITCH,1070.65621640000
3452.33054713000,0.00000000000,1,0600538,LOWER BOULDER DITCH,3452.33056540000
376.59275892100,0.00000000000,1,0801264,C ALPHONSE JARRE D,376.59274573800
2185.79898418000,0.00000000000,1,0500588,JOHN RICE DITCH,2185.79900634000
15670.68283270000,0.00000000000,1,0600610,ERIE COAL CR DITCH,15670.68267280000
2481.87385276000,0.00000000000,1,0900752,HODGSON DITCH,2481.87379550000
1558.23886372000,0.00000000000,1,8001014,SUNNYSIDE DITCH 2,1558.23894894000
7973.09171379000,0.00000000000,1,2300797,TROUT CREEK DITCH,7973.09183538000
5729.62102498000,0.00000000000,1,0500572,STAR DITCH,5729.62094412000
14176.45758810000,0.00000000000,1,0200552,COAL RIDGE DITCH,14176.45756100000
470.32571293000,0.00000000000,1,8000660,SLAGHT DITCH,470.32580770300
915.23848262900,0.00000000000,1,0600612,KERR DITCH NO 1,915.23844430300
139.04121344400,0.00000000000,1,2300947,KREBILL DITCH,139.04126316800
2520.68832440000,0.00000000000,1,0100829,PREWITT INLET CANAL,2520.68818829000
7778.09428194000,0.00000000000,1,0700569,FARMERS HIGHLINE CNL,7778.09440948000
1034.03032071000,0.00000000000,1,2300882,PEABODY DITCH 3,1034.03030196000
143.87191198300,0.00000000000,1,0600588,S BOULDER BEAR CR DITCH,143.87191089100
841.98257670800,0.00000000000,1,0301108,ROBERTS DITCH NO 3,841.98258570400
4169.43155908000,0.00000000000,1,0900535,BERGEN DITCH,4169.43148575000
370.58747640700,0.00000000000,1,0700720,BROOKSIDE DITCH,370.58747815700
2148.38052687000,0.00000000000,1,6400528,STERLING IRR CO DITCH 1,2148.38045346000
971.03257843800,0.00000000000,1,0301321,GRAHAM SEEP DITCH,971.03263432700
771.50344525500,0.00000000000,1,0900871,RANCH DITCH,771.50344732700
1340.71396706000,0.00000000000,1,4800557,PACHE DITCH,1340.71413526000
900.91501436600,0.00000000000,1,2300774,CROOKED CREEK DITCH,900.91500220100
801.89954767700,0.00000000000,1,4800554,TROLLOPE CREEK DITCH,801.89949272700
5752.40257400000,0.00000000000,1,0300937,OGILVY DITCH,5752.40265486000
291.92871680800,0.00000000000,1,8000773,UPPER CRAIG CREEK DITCH,291.92872781800
2312.09093972000,0.00000000000,1,0500545,LONGMONT SUPPLY DITCH,2312.09098870000
1932.43716011000,0.00000000000,1,0100503,RIVERSIDE CANAL,1932.43722131000
411.13418666500,0.00000000000,1,0500549,RUNYAN DITCH,411.13420448700
2697.02345247000,0.00000000000,1,0801412,SIXTY SEVEN DITCH,2697.02353052000
1477.51779135000,0.00000000000,1,0600580,HOWARD DITCH,1477.51787434000
525.22498563600,0.00000000000,1,0801492,IZZARD DITCH,525.22490901000
785.39545316700,0.00000000000,1,8000657,HEPBURN DITCH 2,785.39541286900
835.53608509100,0.00000000000,1,8000709,CUMBERLAND DITCH,835.53605384000
22819.06216440000,0.00000000000,1,0200809,BRANTNER DITCH,22819.06240880000
3546.89983281000,0.00000000000,1,0100526,JOHNSON EDWARDS DITCH,3546.89980018000
1625.02719367000,0.00000000000,1,0400540,DILLE TUNNEL,1625.02712208000
12890.65923800000,0.00000000000,1,0900958,WARD DITCH,12890.65919760000
1934.90569799000,0.00000000000,1,0600542,MC CARTY DITCH,1934.90590801000
538.23895250900,0.00000000000,1,8000895,BERRIEN DITCH 1,538.23897341800
34959.24263850000,0.00000000000,1,0700502,AGRICULTURAL DITCH,34959.24272490000
1670.21443698000,0.00000000000,1,0200834,LOWER LATHAM DITCH,1670.21438175000
96.24800624380,0.00000000000,1,0500938,CARL HOLCOMB DITCH,96.24808471080
1791.68318960000,0.00000000000,1,0600582,JONES DONNELLY DITCH,1791.68311159000
8043.28073499000,0.00000000000,1,0100504,ILLINOIS DITCH,8043.28063664000
3694.21575308000,0.00000000000,1,0600553,SMITH EMMONS DITCH,3694.21586587000
15820.66652430000,0.00000000000,1,0200810,BRIGHTON DITCH,15820.66651790000
2991.27750936000,0.00000000000,1,0100687,NORTH STERLING CANAL,2991.27744609000
418.64370775100,0.00000000000,1,0500557,NORTHWEST MUT INS CO D,418.64379898000
423.43194656300,0.00000000000,1,0800910,LOWER WHEELER DITCH,423.43192050700
1269.15493401000,0.00000000000,1,2300924,HOLST DITCH 1,1269.15482790000
536.30515249900,0.00000000000,1,2301075,HAY CREEK DITCH,536.30512465300
474.09468931200,0.00000000000,1,8000658,PRICE DITCH 2,474.09469528800
1840.46343187000,0.00000000000,1,2300889,MCCARTNEY SEEP DITCH,1840.46350317000
180.71836737700,0.00000000000,1,8000897,BERRIEN DITCH 3,180.71836452300
729.74368395500,0.00000000000,1,8000784,JEFFRIES CRAWFORD DITCH,729.74365795000
255.74401061200,0.00000000000,1,0801223,FAZZIO DITCH,255.74401394900
2399.65758763000,0.00000000000,1,0400601,ROCKWELL D ROCKWELL P P,2399.65755447000
5018.28928747000,0.00000000000,1,2300698,THOMPSON DITCH,5018.28949342000
6321.71059617000,0.00000000000,1,0801009,NEVADA DITCH,6321.71061486000
5.57573971469,0.00000000000,1,0500538,TRUE WEBSTER DITCH,5.57572504720
873.47390291800,0.00000000000,1,0900825,METZ DITCH,873.47387614000
5322.11808725000,0.00000000000,1,0500523,SUPPLY DITCH,5322.11816270000
694.52301854500,0.00000000000,1,8000831,DAVIS DITCH 1,694.52304107800
215.77630277500,0.00000000000,1,0900738,HICKS NO 1 DITCH,215.77639430600
4522.20073136000,0.00000000000,1,4800518,MANSFIELD DITCH,4522.20071096000
396.35955448800,0.00000000000,1,8000732,CRAIG PARK GULCH DITCH,396.35955982900
246.17148223100,0.00000000000,1,0500521,MEADOW DITCH,246.17152483600
1761.94974332000,0.00000000000,1,0801362,JOHN JONES DITCH,1761.94959052000
770.01083282300,0.00000000000,1,6400516,POWELL BLAIR DITCH,770.01080360800
12613.56071050000,0.00000000000,1,0700652,ROCKY MOUNTAIN DITCH,12613.56090900000
275.41128266500,0.00000000000,1,8000785,WONDER DITCH,275.41137219000
2710.68560114000,0.00000000000,1,0600516,BOULDER WHITE ROCK DITCH,2710.68559396000
668.62158409300,0.00000000000,1,4800532,STUBB CREEK DITCH,668.62163165000
5110.36486531000,0.00000000000,1,0500568,CROCKER DITCH,5110.36480579000
2088.23673382000,0.00000000000,1,0300925,CHAFFEE DITCH,2088.23667429000
230.08673953300,0.00000000000,1,8000869,KENNEY GULCH DITCH,230.08687136600
255.01699170100,0.00000000000,1,8000718,GRANT DITCH PL,255.01697851700
2989.84590952000,0.00000000000,1,0301142,MAIL CREEK DITCH,2989.84583748000
1250.19351122000,0.00000000000,1,0500569,TABLE MOUNTAIN DITCH,1250.19351506000
60.23491446020,0.00000000000,1,0203876,MILTON RES,60.23487695680
1998.80889839000,0.00000000000,1,0700547,CLEAR CR PLATTE RIVER D,1998.80880426000
6375.02168793000,0.00000000000,1,2300879,O'NEIL DITCH,6375.02188241000
124.15163215300,0.00000000000,1,0200873,BIG DRY CREEK DITCH,124.15158433900
1933.43972494000,0.00000000000,1,0400583,VICTORY IRR CNL,1933.43971254000
859.74892067000,0.00000000000,1,8000713,KENOSHA DITCH,859.74886074800
5345.32751085000,0.00000000000,1,6400502,LIDDLE DITCH,5345.32754112000
1848.18683626000,0.00000000000,1,0700527,"SLOUGH OR BIJOU ASS""N D",1848.18685102000
779.07199841600,0.00000000000,1,0801001,AURORA INTAKE,779.07197781100
20042.45717910000,0.00000000000,1,0200915,LITTLE BURLINGTON CNL,20042.45731980000
383.13258612300,0.00000000000,1,6400530,SPRINGDALE DITCH,383.13252176600
9223.17862193000,0.00000000000,1,0500554,NIWOT DITCH,9223.17864517000
2805.50719815000,0.00000000000,1,0400592,EAGLE DITCH,2805.50721168000
1011.15274226000,0.00000000000,1,4800564,DETRO DITCH 1,1011.15268228000
4794.25895091000,0.00000000000,1,0600566,COTTONWOOD DITCH 2,4794.25896180000
1969.41929668000,0.00000000000,1,2300631,WARM SPRINGS CR DITCH,1969.41926072000
695.42154188400,0.00000000000,1,8000759,MCARTHUR DITCH,695.42155861000
1658.54302320000,0.00000000000,1,0600735,LEWIS H DAVIDSON D,1658.54294327000
570.27096292300,0.00000000000,1,2300968,KAMMER DITCH,570.27095498900
6252.36258158000,0.00000000000,1,6400599,RICE DITCH,6252.36250900000
8173.16443738000,0.00000000000,1,0300918,FORT COLLINS IRR CNL,8173.16449313000
28241.92441370000,0.00000000000,1,6400504,PETERSON DITCH,28241.92433930000
15377.69289740000,0.00000000000,1,0100513,JACKSON LAKE INLET DITCH,15377.69288090000
34393.45656380000,0.00000000000,1,0100501,EMPIRE DITCH,34393.45638020000
6989.34213190000,0.00000000000,1,0200830,SECTION NO 3 DITCH,6989.34223081000
840.43790941300,0.00000000000,1,8000667,SOUTH SIDE DITCH,840.43790900100
2919.28850266000,0.00000000000,1,0801180,EAST PLUM CR DITCH,2919.28865747000
158.98950493000,0.00000000000,1,8000776,MEADOW DITCH,158.98951958900
1707.85051200000,0.00000000000,1,0801418,NECESSITY DITCH,1707.85048869000
732.60392902300,0.00000000000,1,4800529,BROWN DITCH NUNN CREEK,732.60398327300
514.70460910700,0.00000000000,1,8000761,WINKLER DITCH 3,514.70461406400
832.93592306600,0.00000000000,1,4800515,JIMMIE CREEK DITCH,832.93589752700
1185.57913015000,0.00000000000,1,8000828,WILLOWMERE SOUTH DITCH,1185.57927773000
3170.59518215000,0.00000000000,1,4800531,DAVY DITCH,3170.59524968000
958.79578414000,0.00000000000,1,2301018,TAYLORS JEFFERSON CR D,958.79596104300
3474.33046370000,0.00000000000,1,0500563,BONUS DITCH,3474.33052725000
3932.60536376000,0.00000000000,1,6400515,HARMONY DITCH 2,3932.60532003000
5353.57187538000,0.00000000000,1,0500560,BECKWITH DITCH,5353.57169554000
19293.16181580000,0.00000000000,1,0300934,CANAL 3 DITCH,19293.16178190000
2628.44293818000,0.00000000000,1,6400525,HENDERSON SMITH DITCH,2628.44298881000
978.10567747500,0.00000000000,1,2300932,ALLEN ANDERSON DITCH,978.10588369400
3944.45193305000,0.00000000000,1,0400524,HOME SUPPLY DITCH,3944.45179992000
1811.58177207000,0.00000000000,1,4800527,LINK DITCH 2,1811.58166953000
58.50849719970,0.00000000000,1,8000843,SWAN DITCH 1,58.50854965450
887.41075834800,0.00000000000,1,0500547,OLIGARCHY DITCH,887.41069617900
5716.50899511000,0.00000000000,1,2300683,ELISHA ALDEN DITCH,5716.50908057000
1506.10316751000,0.00000000000,1,2300866,WILSON DITCH,1506.10327418000
543.81329876900,0.00000000000,1,4800552,OLLIE DITCH,543.81322638300
3393.60974736000,0.00000000000,1,4800509,MARTIN DITCH 1,3393.60978601000
824.83410262600,0.00000000000,1,0900739,HICKS NO 2 DITCH,824.83416456400
10560.08866100000,0.00000000000,1,0400517,EVANSTOWN DITCH,10560.08859350000
2462.11871672000,0.00000000000,1,4800542,LAMB DITCH,2462.11872588000
3655.01940153000,0.00000000000,1,2300787,WADLEY DITCH 1,3655.01907383000
5241.75962331000,0.00000000000,1,0100515,UPPER PLATTE BEAVER CNL,5241.75966288000
1399.40918859000,0.00000000000,1,4800544,PINE CREEK DITCH,1399.40916000000
1617.67542058000,0.00000000000,1,0900731,ARNETT/HARRIMAN DITCH,1617.67539020000
161.72406189000,0.00000000000,1,0305381,WARREN LAKE RES FEED D,161.72403542800
16903.37429980000,0.00000000000,1,0300907,POUDRE VALLEY CANAL,16903.37441310000
2028.60392159000,0.00000000000,1,0400541,RIST GOSS DITCH,2028.60401829000
2260.69536770000,0.00000000000,1,8000674,J HIGGINSON DITCH,2260.69545510000
2171.19293567000,0.00000000000,1,4800512,HILLS DITCH,2171.19290041000
2503.49380924000,0.00000000000,1,6400511,HARMONY DITCH 1,2503.49385443000
15700.12340400000,0.00000000000,1,0500539,JAMES DITCH,15700.12340300000
39950.24271320000,0.00000000000,1,0400530,LOUDEN DITCH,39950.24351920000
1483.12447825000,0.00000000000,1,0500587,RICE DITCH,1483.12453537000
742.05703002400,0.00000000000,1,0700650,RHODES SOUTH DITCH,742.05686698800
878.25525646100,0.00000000000,1,0500831,COFFIN DAVIS DRY CR DIVR,878.25531440300
3071.68186495000,0.00000000000,1,0600902,NEW DRY CR CARRIER DITCH,3071.68187682000
19803.55146080000,0.00000000000,1,0300905,NORTH POUDRE SUPPLY CNL,19803.55146890000
3545.15184855000,0.00000000000,1,0500570,BADER DITCH 1 & 2,3545.15200622000
4775.07140876000,0.00000000000,1,2300680,PRINCE DITCH,4775.07147720000
4.67503104283,0.00000000000,1,0100519,TREMONT DITCH,4.67501883899
230.68715730300,0.00000000000,1,0100517,DEUEL SNYDER CANAL,230.68711721700
987.13782330300,0.00000000000,1,2300789,WADLEY DITCH 3,987.13780686500
1660.24852091000,0.00000000000,1,0500564,LAKE DITCH,1660.24849739000
5781.80259567000,0.00000000000,1,0500520,SOUTH LEDGE DITCH,5781.80281106000
1365.63122176000,0.00000000000,1,2300938,CHEAPROCKS DITCH,1365.63120190000
2958.41982227000,0.00000000000,1,0200874,YOXALL DITCH,2958.41982683000
560.74678762700,0.00000000000,1,2300940,MICHAEL A MAHONEY D,560.74680134100
856.52667119500,0.00000000000,1,0200812,LUPTON BOTTOM DITCH,856.52666749300
12508.00697000000,0.00000000000,1,0500529,SWEDE DITCH,12508.00680490000
372.54008735500,0.00000000000,1,0900741,HICKS NO 5 DITCH,372.54004266700
1134.09033248000,0.00000000000,1,8000794,FLUME DITCH,1134.09033415000
785.70319445900,0.00000000000,1,0900798,LUDLOW FLOWER DITCH,785.70324562800
1345.28485738000,0.00000000000,1,0600576,ENTERPRISE DITCH,1345.28478086000
2178.99306843000,0.00000000000,1,0600913,KINNEAR DITCH RES,2178.99305280000
5416.87173657000,0.00000000000,1,2300903,HARLAND DITCH,5416.87158605000
2914.43726242000,0.00000000000,1,0500532,FOOTHILLS INLET,2914.43729029000
683.25574880000,0.00000000000,1,6400532,DAVIS BROS DITCH,683.25580694000
4767.41095434000,0.00000000000,1,0400501,BARNES DITCH,4767.41092532000
3822.90781011000,0.00000000000,1,0400588,BOULD LARIM CO IRR MFG D,3822.90783510000
3432.31448145000,0.00000000000,1,0500550,PECK DITCH,3432.31447684000
3952.87681996000,0.00000000000,1,4800558,LA GARDE DITCH 1,3952.87686721000
7421.93459146000,0.00000000000,1,0500527,ROUGH READY DITCH,7421.93459712000
929.93873064900,0.00000000000,1,0500530,SMEAD DITCH,929.93863481900
1477.98415502000,0.00000000000,1,0801215,CURTIS DITCH,1477.98410576000
542.31669364600,0.00000000000,1,0700525,BOYLES DITCH,542.31675087800
1305.57064881000,0.00000000000,1,2300586,HALL DITCH 2,1305.57068943000
434.14484874100,0.00000000000,1,4800559,LA GARDE DITCH,434.14472755400
264.21672362800,0.00000000000,1,8000710,CUMBERLAND DITCH 1,264.21678090300
5474.35192338000,0.00000000000,1,0700694,WADSWORTH DITCH,5474.35191947000
573.77258591200,0.00000000000,1,8000728,CASSEL CREEK DITCH,573.77258227400
3967.03186884000,0.00000000000,1,0300929,NEW CACHE LA POUDRE CO D,3967.03182249000
6652.18425492000,0.00000000000,1,0300931,B H EATON DITCH,6652.18422495000
510.44388282500,0.00000000000,1,4800563,FORRESTER CREEK DITCH,510.44395426800
2414.13774652000,0.00000000000,1,0100835,SEVEN CROSS D-MAPELLI F,2414.13777116000
2549.66201273000,0.00000000000,1,4800506,PARKER DITCH,2549.66207111000
11744.87150030000,0.00000000000,1,0200821,MEADOW ISLAND 1 DITCH,11744.87143120000
6527.83069523000,0.00000000000,1,0400520,GEORGE RIST DITCH,6527.83068795000
752.98144790000,0.00000000000,1,4800533,CABIN DITCH,752.98138130800
96.80610661090,0.00000000000,1,0500573,HINMAN DITCH,96.80613631750
1317.99132139000,0.00000000000,1,0700599,LANE DITCH,1317.99132508000
959.36517458300,0.00000000000,1,0600613,KERR DITCH NO 2,959.36512568100
484.93315781900,0.00000000000,1,0800909,WHEELER DITCH 1,484.93321932100
178.99048027200,0.00000000000,1,0500513,DAVE MILLER DITCH,178.99048422400
2644.63782917000,0.00000000000,1,4800514,YELTON DITCH,2644.63779374000
1553.99297772000,0.00000000000,1,2301004,CRAIG DITCH,1553.99291937000
1759.65483053000,0.00000000000,1,2300500,PLATTE STATION DITCH,1759.65480366000
1759.84325400000,0.00000000000,1,0700523,BLUFF DITCH,1759.84328921000
6315.95977200000,0.00000000000,1,4800565,GRACE CREEK DITCH,6315.95989418000
3872.52513361000,0.00000000000,1,0301039,MITCHELL WEYMOUTH D 2,3872.52532605000
542.23920288600,0.00000000000,1,6400533,PAWNEE DITCH,542.23915322200
5638.10131406000,0.00000000000,1,0300913,NEW MERCER DITCH,5638.10150470000
505.55808055600,0.00000000000,1,2300937,BRADLEY DITCH,505.55802243300
584.16521564800,0.00000000000,1,0600523,DELEHANT DITCH,584.16520953200
1256.71230678000,0.00000000000,1,8000774,BERGER DITCH,1256.71226290000
384.85748601700,0.00000000000,1,8000865,MAXWELL DITCH,384.85744276700
1102.22417707000,0.00000000000,1,6400524,LOWLINE DITCH,1102.22420307000
2894.66516880000,0.00000000000,1,0100643,LITTLE CROW DITCH,2894.66515940000
263.76505214400,0.00000000000,1,8001013,SUNNYSIDE DITCH 1,263.76495587500
682.87181655200,0.00000000000,1,8000874,WEST RESORT CR DITCH,682.87180335800
11860.74589210000,0.00000000000,1,0100518,LOWER PLATTE BEAVER D,11860.74596900000
1770.90643867000,0.00000000000,1,0301038,BURNHAM EMERSON DITCH,1770.90632431000
3516.45651743000,0.00000000000,1,2302910,OHLER GULCH GAGE,3516.45660119000
2150.51543679000,0.00000000000,1,0700551,CORT GRAVES HUGHES DITCH,2150.51552942000
3580.68117661000,0.00000000000,1,2300752,MOSQUITO CREEK DITCH,3580.68117303000
834.72869044200,0.00000000000,1,6400506,RED LION SUPPLY DITCH,834.72872125600
25178.93333340000,0.00000000000,1,6400520,ILIFF PLATTE VALLEY D,25178.93315790000
1046.57098765000,0.00000000000,1,0801405,SMITH DITCH,1046.57086827000
4360.26706596000,0.00000000000,1,0400692,ST VRAIN SUPPLY CANAL,4360.26707228000
1031.23014856000,0.00000000000,1,4800520,WARREN DITCH,1031.23001535000
1144.71411265000,0.00000000000,1,8000730,CASSEL DITCH 2,1144.71406223000
3767.16368936000,0.00000000000,1,0500558,SOUTH FLAT DITCH,3767.16367974000
1749.03741229000,0.00000000000,1,0600611,HARRIS DITCH,1749.03739378000
17426.87987650000,0.00000000000,1,0600525,FARMERS DITCH,17426.87964960000
455.53457981600,0.00000000000,1,0600622,T N WILLIS DITCH,455.53461926700
9864.73471933000,0.00000000000,1,0500574,HOLLAND DITCH,9864.73496995000
567.20738364100,0.00000000000,1,0500817,MATHEWS DITCH,567.20741536500
3749.83841760000,0.00000000000,1,0500526,HIGHLAND DITCH,3749.83830336000
1671.95743828000,0.00000000000,1,0200813,PLATTEVILLE DITCH,1671.95738746000
1798.32279045000,0.00000000000,1,0801250,GARBER CREEK DITCH 1,1798.32260915000
3373.61844283000,0.00000000000,1,0700614,MANHART DITCH,3373.61842827000
148.62658681700,0.00000000000,1,8000871,SPRING DITCH,148.62652746400
265.90538938700,0.00000000000,1,0700699,WELCH DITCH,265.90541523300
582.03864692800,0.00000000000,1,8000708,NORTH BEAVER CREEK DITCH,582.03852118900
2585.50144790000,0.00000000000,1,6400507,LONG ISLAND DITCH,2585.50150359000
2335.28199484000,0.00000000000,1,0500535,CLOUGH/TRUE DITCH,2335.28215968000
26587.06102760000,0.00000000000,1,0200817,EVANS NO 2 DITCH,26587.06097830000
2302.40388742000,0.00000000000,1,0400582,UNION DITCH,2302.40390170000
2547.41588989000,0.00000000000,1,0500565,HALDI DITCH,2547.41580303000
5896.41722590000,0.00000000000,1,2300987,RANDALL DITCH,5896.41717660000
338.27280203100,0.00000000000,1,8000848,DAVIS DITCH 2,338.27267359800
1608.32875370000,0.00000000000,1,0801278,MEADOW DITCH,1608.32873727000
3357.66944298000,0.00000000000,1,2300977,WHITTEN DITCH,3357.66952280000
3615.26701441000,0.00000000000,1,0301030,RABBIT CREEK DITCH,3615.26719695000
1706.92043351000,0.00000000000,1,2300993,GIBSON DITCH,1706.92049643000
4989.94322594000,0.00000000000,1,0300922,LAKE CANAL DITCH,4989.94331008000
1412.82491120000,0.00000000000,1,0500942,COLE SEEPAGE DITCH,1412.82493515000
294.07631457400,0.00000000000,1,0900768,INDIAN CK NO 1 DITCH,294.07630018100
1264.36291105000,0.00000000000,1,0600564,COMMUNITY DITCH,1264.36288832000
906.86258174600,0.00000000000,1,0700570,FISHER DITCH,906.86254195400
5536.57850496000,0.00000000000,1,0801007,LAST CHANCE DITCH 2,5536.57850703000
438.64058625900,0.00000000000,1,0500576,DIXON MILL DITCH,438.64056260400
3624.20223775000,0.00000000000,1,2300904,LINK DITCH,3624.20243090000
185.70489414200,0.00000000000,1,8000800,JOHNSON DITCH,185.70493506700
3831.62134761000,0.00000000000,1,0700597,KERSHAW DITCH,3831.62119898000
662.36781266700,0.00000000000,1,0500553,HAGERS MEADOW DITCH,662.36786340700
1315.69772881000,0.00000000000,1,6400508,SETTLERS DITCH,1315.69770585000
3244.37024193000,0.00000000000,1,0500575,WILLIAMSON DITCH,3244.37020209000
2792.74311268000,0.00000000000,1,4800549,JIM CREEK DITCH,2792.74298709000
5866.28103527000,0.00000000000,1,0400523,HILLSBOROUGH DITCH,5866.28101385000
626.54206266500,0.00000000000,1,0801235,RED ROCK DITCH,626.54208314500
15112.41459750000,0.00000000000,1,0200824,FARMERS INDEPENDENT D,15112.41451200000
917.26332449600,0.00000000000,1,0600554,SMITH GOSS DITCH,917.26340178000
8110.09234751000,0.00000000000,1,8000656,LAKE DITCH,8110.09239322000
20645.32400460000,0.00000000000,1,0300914,LARIMER COUNTY NO 2 D,20645.32408480000
3329.14327746000,0.00000000000,1,2300948,MCLAUGHLIN CLAIM,3329.14329737000
1723.14018510000,0.00000000000,1,0700705,WOLFF DITCH,1723.14022840000
1980.43978365000,0.00000000000,1,0801220,AHLMAAZ GOVE DITCH,1980.43972341000
619.30952817700,0.00000000000,1,0900866,POLLOCK MEADOW D NO 1,619.30941887400
14665.52361360000,0.00000000000,1,0203837,BARR LAKE,14665.52395870000
1226.38591951000,0.00000000000,1,0600515,BOULDER WELD CTY DITCH,1226.38581629000
421.86153228900,0.00000000000,1,8000801,CAMPBELL DITCH,421.86152552200
2466.36885289000,0.00000000000,1,0301483,EATON MCCLELLAN DTICH,2466.36890561000
1685.94018054000,0.00000000000,1,4800511,UPPER HILLS DITCH,1685.94020113000
334.02290594000,0.00000000000,1,2300686,GUIRAUD DITCH,334.02295402300
382.01896741900,0.00000000000,1,0600593,S BOULDER CANON DITCH,382.01892719800
1837.46137649000,0.00000000000,1,2300923,HOLST PACKER D,1837.46129685000
3176.06345649000,0.00000000000,1,0500594,GOOSEQUILL DITCH,3176.06344304000
697.79078459700,0.00000000000,1,2300994,CROSIER TAYLOR DITCH,697.79073851600
542.76620882200,0.00000000000,1,8000777,KOUNTZE DITCH,542.76626565500
1325.66576517000,0.00000000000,1,2300564,MIKLES DITCH,1325.66583915000
205.98909819300,0.00000000000,1,2300892,SLATER DITCH,205.98905961900
898.96616658200,0.00000000000,1,2300520,KESTER SWEET DITCH,898.96620271400
3114.43332402000,0.00000000000,1,0300919,LARIMER WELD IRR CANAL,3114.43329842000
1218.15106737000,0.00000000000,1,6403906,JULESBURG RES,1218.15108890000
2645.33806803000,0.00000000000,1,2300931,FARNUM DITCH,2645.33812838000
2383.29550831000,0.00000000000,1,2300922,HOLST DITCH 2,2383.29558880000
940.56026315700,0.00000000000,1,2300612,BEERY DITCH,940.56032213100
2912.54443661000,0.00000000000,1,2300706,WESTERN DITCH,2912.54444955000
514.06352948600,0.00000000000,1,8000748,PRICE DITCH,514.06349895200
4737.06708350000,0.00000000000,1,0801008,CITY DITCH PL,4737.06690459000
3418.79917141000,0.00000000000,1,0400603,W R BLOWER DITCH 1,3418.79906322000
634.68584899800,0.00000000000,1,0500559,CUSHMAN DITCH,634.68590038100
3331.68244220000,0.00000000000,1,0400519,FARMERS IRR CANAL,3331.68221372000
268.22032683800,0.00000000000,1,8000870,EAST RESORT CR DITCH,268.22033217900
1232.08755306000,0.00000000000,1,6400518,LONE TREE DITCH,1232.08759673000
3800.21696833000,0.00000000000,1,2300888,MONTAG TRUAX DITCH,3800.21676447000
1898.58665849000,0.00000000000,1,0900767,INDEPENDENT HIGHLINE D,1898.58671747000
165.79348765200,0.00000000000,1,4800584,WRIGHT DITCH 2,165.79358573900
4614.49713219000,0.00000000000,1,0301029,TAYLOR GILL DITCH,4614.49713305000
14919.10835420000,0.00000000000,1,0400543,SOUTH SIDE DITCH,14919.10817560000
2296.93552620000,0.00000000000,1,0200826,JAY THOMAS DITCH,2296.93555492000
2111.24808846000,0.00000000000,1,0600532,HIGHLAND S SIDE DITCH,2111.24810373000
3161.13104488000,0.00000000000,1,0300923,JOHN G COY DITCH,3161.13112123000
306.51754663700,0.00000000000,1,8000896,BERRIEN DITCH 2,306.51751424200
1259.28756634000,0.00000000000,1,4700942,WARD DITCH 1,1259.28752370000
1422.48710547000,0.00000000000,1,2300991,TAYLOR DITCH,1422.48699671000
11252.26876940000,0.00000000000,1,0400602,SUPPLY LATERAL DITCH,11252.26873980000
1521.06495628000,0.00000000000,1,4800541,HOMESTEAD DITCH,1521.06489371000
21830.49201950000,0.00000000000,1,0200825,HEWES COOK DITCH,21830.49209480000
151.50773139400,0.00000000000,1,0400691,HANSEN FEEDER CNL FLOW N,151.50779222600
3020.09545790000,0.00000000000,1,2300902,PETRIE DITCH,3020.09508656000
10380.79163650000,0.00000000000,1,0400502,BIG T PLATTE R DITCH,10380.79167810000
724.05284199000,0.00000000000,1,0801254,FLINTON CAREY DITCH,724.05276185200
2240.32524754000,0.00000000000,1,0500531,MONTGOMERY PRIVATE DITCH,2240.32541945000
3236.99685378000,0.00000000000,1,0500546,CHAPMAN MCCASLIN DITCH,3236.99693119000
318.58576770600,0.00000000000,1,8000847,HURLBUTT DITCH 2,318.58574689600
9552.81615397000,0.00000000000,1,6400531,SCHNEIDER DITCH,9552.81604109000
1845.52086503000,0.00000000000,1,0300997,CHASE DITCH,1845.52082497000
242.76528941200,0.00000000000,1,0900867,POLLOCK MEADOW D NO 2,242.76524984600
628.94093108400,0.00000000000,1,0500602,JAMES MASON DITCH,628.94098259300
1038.03439464000,0.00000000000,1,2300933,ANDERSON ALLEN DITCH,1038.03445110000
4286.73824109000,0.00000000000,1,0500648,TOLL GATE DITCH,4286.73822274000
18081.80964590000,0.00000000000,1,0600567,DAVIDSON DITCH,18081.80929440000
711.71284752700,0.00000000000,1,4800546,STUART DITCH,711.71286028000
2233.87654770000,0.00000000000,1,2301005,LILLEY HARRIMAN D,2233.87653242000
8771.24981662000,0.00000000000,1,4800500,RAWAH LOWER SUPPLY DITCH,8771.24964628000
191.48732034200,0.00000000000,1,0600534,HOUCK 2 DITCH,191.48735830600
1811.33676058000,0.00000000000,1,0801210,RATCLIFF PLUM CR DITCH,1811.33686023000
2715.34585251000,0.00000000000,1,0400596,JIM EGLIN DITCH,2715.34578051000
1543.42405418000,0.00000000000,1,2300894,DUNBAR DITCH 1,1543.42396810000
935.30960668900,0.00000000000,1,8000845,FLUME DITCH ALT PT,935.30962720400
2670.26405392000,0.00000000000,1,4800505,LINK DITCH 1,2670.26414601000
1128.16040145000,0.00000000000,1,0600676,YOUNG DITCH,1128.16037682000
1166.44122498000,0.00000000000,1,8000764,ASHRAMA D PL HGT 2,1166.44131960000
899.18684700000,0.00000000000,1,8000661,MACK DITCH 2,899.18680992300
289.89550404800,0.00000000000,1,8000921,WINKLER DITCH,289.89554733700
1230.41371023000,0.00000000000,1,4800569,GRANT DITCH UPPER,1230.41384789000
6811.97600920000,0.00000000000,1,0301329,LEAF WASTE DITCH,6811.97582571000
3166.01961782000,0.00000000000,1,8000706,BEAVER CREEK DITCH,3166.01964831000
573.89891071700,0.00000000000,1,0300926,BOXELDER DITCH,573.89898258500
2911.92596121000,0.00000000000,1,0600543,N BOULD FARMER DITCH,2911.92605313000
5003.94139459000,0.00000000000,1,6400514,RAMSEY DITCH,5003.94142018000
3001.05227959000,0.00000000000,1,6400526,STERLING IRR CO DITCH 2,3001.05236833000
1743.01433077000,0.00000000000,1,0301109,MARTIN CALLOWAY DITCH,1743.01427767000
11117.82763530000,0.00000000000,1,0200822,MEADOW ISLAND DITCH,11117.82761350000
960.29306537900,0.00000000000,1,4800561,HOMESTEAD DITCH 2,960.29300359400
3036.43328328000,0.00000000000,1,0600560,ANDREWS FARWELL DITCH,3036.43323314000
5243.75658933000,0.00000000000,1,0400574,BUCKHORN HIGHLINE DITCH,5243.75656788000
765.84869564400,0.00000000000,1,2300542,PARMELEE SHOEMAKER D 2,765.84867364300
69.96177969090,0.00000000000,1,0700706,WOLFF NORTH DITCH,69.96175163520
348.92245944800,0.00000000000,1,0500536,CLOUGH PRIVATE DITCH,348.92239724600
3520.90414801000,0.00000000000,1,0600575,EAST BOULDER DITCH,3520.90395583000
80.16826287870,0.00000000000,1,8000799,ALKIRE DITCH,80.16830502660
6440.72242053000,0.00000000000,1,0700677,SWADLEY DITCH,6440.72243097000
3121.34228190000,0.00000000000,1,4800556,SCHNITGER DITCH,3121.34222513000
2178.08896554000,0.00000000000,1,2301025,BAKER DITCH,2178.08904776000
19491.68495200000,0.00000000000,1,0600537,LEGGETT DITCH,19491.68452210000
1400.96280706000,0.00000000000,1,0500584,LOWER BALDWIN DITCH,1400.96290472000
3909.29932236000,0.00000000000,1,0700549,COLO AGRICULTURAL D,3909.29938272000
2175.82614206000,0.00000000000,1,0801413,CRAWFORD DITCH,2175.82609607000
815.33045385100,0.00000000000,1,4800579,GRANT DITCH,815.33044340300
1259.90339709000,0.00000000000,1,8000792,PARMALEE DITCH 2 & 3,1259.90336798000
5725.69630983000,0.00000000000,1,0200823,BUCKERS DITCH,5725.69627273000
3768.30780879000,0.00000000000,1,0300924,CACHE LA PODR RES IN CNL,3768.30782288000
3740.86172515000,0.00000000000,1,0400599,MINER LONGAN DITCH,3740.86166731000
10381.82407120000,0.00000000000,1,4800507,TIMOTHY DITCH,10381.82399580000
1466.42944014000,0.00000000000,1,0300994,NORTH POUDRE CANAL,1466.42950526000
723.95759507200,0.00000000000,1,4800548,BRITISH CREEK DITCH 2,723.95768219800
9504.36761669000,0.00000000000,1,0700698,WANNEMAKER DITCH,9504.36761453000
493.71642100200,0.00000000000,1,8000875,SAND GULCH DITCH,493.71639564400
1029.00539235000,0.00000000000,1,0500561,ISLAND DITCH,1029.00538908000
1831.42353432000,0.00000000000,1,0700655,SAYER LEES DITCH,1831.42366948000
8172.44604272000,0.00000000000,1,0600501,ANDERSON DITCH,8172.44616668000
961.72162674000,0.00000000000,1,0500556,NELSON DITCH,961.72164934500
5644.15927637000,0.00000000000,1,0801363,J F GARDNER DITCH,5644.15913914000
385.21036544300,0.00000000000,1,8000826,WILLIAMS DITCH 1,385.21034528200
19464.35111610000,0.00000000000,1,0300912,DRY CREEK DITCH,19464.35128940000
10347.95468710000,0.00000000000,1,0600585,MARSHALVILLE DITCH,10347.95469970000
6390.39721288000,0.00000000000,1,0500528,ST VRAIN PALMERTON DITCH,6390.39735072000
440.00844295400,0.00000000000,1,8000673,BOND DITCH 2,440.00847381700
6191.25185557000,0.00000000000,1,2300964,ANTERO FEEDER DITCH,6191.25203601000
3550.09305184000,0.00000000000,1,4800513,SMITHS BROWN DITCH,3550.09301272000
2668.98367796000,0.00000000000,1,0500589,LAST CHANCE DITCH,2668.98371567000
6118.70281962000,0.00000000000,1,0300915,CACHE LA POUDRE DITCH,6118.70285588000
3339.51728055000,0.00000000000,1,4800521,BLILER BOSWELL DITCH,3339.51710638000
757.63606797600,0.00000000000,1,0500583,UPPER BALDWIN DITCH,757.63605639300
270.05214537000,0.00000000000,1,8000849,HURLBUTT DITCH 1,270.05224448600
1403.91710938000,0.00000000000,1,2300887,ANDERSON BREWER DITCH,1403.91703480000
1896.13768460000,0.00000000000,1,4800553,JIMMY CREEK DITCH,1896.13783469000
425.72920298200,0.00000000000,1,8000729,CASSEL DITCH 1,425.72920355400
6904.92341788000,0.00000000000,1,2300760,SACRAMENTO DITCH,6904.92328321000
1733.77950914000,0.00000000000,1,0400561,BLACK CANNON DITCH,1733.77944553000
3269.70330527000,0.00000000000,1,0600592,SCHEARER DITCH,3269.70325789000
2427.75524318000,0.00000000000,1,0700695,WADSWORTH GRAVES DITCH,2427.75497150000
10894.15233280000,0.00000000000,1,0400532,LOVELAND GREELEY CANAL,10894.15241470000
611.79596458500,0.00000000000,1,4800536,GLENDEVEY DITCH,611.79593144800
11636.92509950000,0.00000000000,1,0100523,SNYDER DITCH,11636.92486250000
961.51596241500,0.00000000000,1,2301002,SHEEP ROCK DITCH,961.51594255200
4275.20067376000,0.00000000000,1,0600528,GREEN DITCH,4275.20094878000
1992.16770093000,0.00000000000,1,0500829,OSCAR/BECKWITH DITCH,1992.16776907000
